n_hidden,learning_rate,reg_lambda,l1_lambda,dropout_rate,momentum,activation,optimizer,lr_decay,batch_size,weight_init,init_range,patience,val_loss,val_accuracy,trial_number
[3],0.01,0.0,0.0,0.25,0.8,sigmoid,sgd,0.0,8,gaussian,"(-0.1, 0.1)",15,0.12756345914820133,0.4,1
[3],0.01,0.0,0.0,0.05,0.75,sigmoid,sgd,0.0,8,gaussian,"(-0.1, 0.1)",15,0.1276145174250634,0.4,2
[3],0.16,0.0,0.0,0.1,0.8,sigmoid,sgd,0.0,4,gaussian,"(-0.5, 0.5)",15,0.03265278892272216,0.92,3
[4],0.16,0.0,0.0,0.0,0.8500000000000001,sigmoid,sgd,0.0,8,gaussian,"(-0.1, 0.1)",15,0.03427993355603045,0.88,4
[3],0.01,0.0,0.0,0.1,0.7,sigmoid,sgd,0.0,8,gaussian,"(-0.1, 0.1)",15,0.12744152181469487,0.4,5
[4],0.16,0.0,0.0,0.05,0.8,sigmoid,sgd,0.0,4,gaussian,"(-0.1, 0.1)",15,0.009501709928625344,1.0,6
[4],0.01,0.0,0.0,0.05,0.7,sigmoid,sgd,0.0,8,gaussian,"(-0.1, 0.1)",15,0.12677064470631946,0.4,7
[4],0.16,0.0,0.0,0.25,0.8500000000000001,sigmoid,sgd,0.0,8,gaussian,"(-0.5, 0.5)",15,0.059567039890945396,0.84,8
[4],0.01,0.0,0.0,0.05,0.9000000000000001,sigmoid,sgd,0.0,8,gaussian,"(-0.5, 0.5)",15,0.10974414425573115,0.68,9
[3],0.16,0.0,0.0,0.15000000000000002,0.9000000000000001,sigmoid,sgd,0.0,8,gaussian,"(-0.1, 0.1)",15,0.055816808874276654,0.88,10
[4],0.16,0.0,0.0,0.05,0.8500000000000001,sigmoid,sgd,0.0,8,gaussian,"(-0.1, 0.1)",15,0.01914049249894823,0.96,11
[4],0.01,0.0,0.0,0.2,0.9000000000000001,sigmoid,sgd,0.0,4,gaussian,"(-0.1, 0.1)",15,0.08485328505869609,0.84,12
[3],0.01,0.0,0.0,0.2,0.7,sigmoid,sgd,0.0,8,gaussian,"(-0.1, 0.1)",15,0.1274475735760069,0.4,13
[4],0.16,0.0,0.0,0.05,0.9000000000000001,sigmoid,sgd,0.0,8,gaussian,"(-0.1, 0.1)",15,0.011572809914347176,0.96,14
[3],0.01,0.0,0.0,0.0,0.8,sigmoid,sgd,0.0,8,gaussian,"(-0.1, 0.1)",15,0.12742780915078428,0.4,15
[4],0.16,0.0,0.0,0.05,0.7,sigmoid,sgd,0.0,4,gaussian,"(-0.1, 0.1)",15,0.022754466270248828,0.96,17
[3],0.16,0.0,0.0,0.25,0.8,sigmoid,sgd,0.0,2,gaussian,"(-0.1, 0.1)",15,0.038249701741718656,0.92,18
[4],0.16,0.0,0.0,0.05,0.7,sigmoid,sgd,0.0,2,gaussian,"(-0.5, 0.5)",15,0.00564352385143974,1.0,19
[4],0.16,0.0,0.0,0.05,0.8500000000000001,sigmoid,sgd,0.0,4,gaussian,"(-0.5, 0.5)",15,0.00794045222980845,0.96,20
[4],0.16,0.0,0.0,0.05,0.75,sigmoid,sgd,0.0,2,gaussian,"(-0.5, 0.5)",15,0.005664883800890719,1.0,21
[3],0.01,0.0,0.0,0.2,0.7,sigmoid,sgd,0.0,2,gaussian,"(-0.1, 0.1)",15,0.10733181080599379,0.68,22
[3],0.16,0.0,0.0,0.25,0.9000000000000001,sigmoid,sgd,0.0,4,gaussian,"(-0.1, 0.1)",15,0.04970054497918916,0.92,23
[4],0.16,0.0,0.0,0.1,0.7,sigmoid,sgd,0.0,8,gaussian,"(-0.1, 0.1)",15,0.06749362602013156,0.8,24
[4],0.01,0.0,0.0,0.05,0.8,sigmoid,sgd,0.0,8,gaussian,"(-0.1, 0.1)",15,0.12490962592968594,0.4,25
[3],0.16,0.0,0.0,0.0,0.7,sigmoid,sgd,0.0,2,gaussian,"(-0.5, 0.5)",15,0.027310133046550337,0.92,26
[4],0.01,0.0,0.0,0.0,0.8500000000000001,sigmoid,sgd,0.0,8,gaussian,"(-0.1, 0.1)",15,0.11738516238237916,0.52,27
[4],0.16,0.0,0.0,0.2,0.7,sigmoid,sgd,0.0,8,gaussian,"(-0.5, 0.5)",15,0.07112514774063258,0.84,28
[3],0.01,0.0,0.0,0.1,0.8,sigmoid,sgd,0.0,4,gaussian,"(-0.1, 0.1)",15,0.11886879216111412,0.56,29
[3],0.01,0.0,0.0,0.05,0.8500000000000001,sigmoid,sgd,0.0,4,gaussian,"(-0.1, 0.1)",15,0.10272771706726543,0.72,30
[4],0.01,0.0,0.0,0.15000000000000002,0.75,sigmoid,sgd,0.0,2,gaussian,"(-0.1, 0.1)",15,0.08824309583640744,0.84,31
[4],0.16,0.0,0.0,0.1,0.7,sigmoid,sgd,0.0,2,gaussian,"(-0.1, 0.1)",15,0.004868462723182196,1.0,32
[4],0.01,0.0,0.0,0.0,0.9000000000000001,sigmoid,sgd,0.0,4,gaussian,"(-0.5, 0.5)",15,0.07439962426437303,0.8,33
[3],0.16,0.0,0.0,0.0,0.9000000000000001,sigmoid,sgd,0.0,8,gaussian,"(-0.1, 0.1)",15,0.01445730828609847,0.96,34
[4],0.16,0.0,0.0,0.25,0.8500000000000001,sigmoid,sgd,0.0,4,gaussian,"(-0.1, 0.1)",15,0.012389201826050335,1.0,35
[4],0.16,0.0,0.0,0.2,0.7,sigmoid,sgd,0.0,4,gaussian,"(-0.5, 0.5)",15,0.056823606309784225,0.84,36
[3],0.16,0.0,0.0,0.25,0.75,sigmoid,sgd,0.0,8,gaussian,"(-0.1, 0.1)",15,0.07463057774476853,0.8,37
[3],0.01,0.0,0.0,0.0,0.7,sigmoid,sgd,0.0,8,gaussian,"(-0.5, 0.5)",15,0.12654595203659627,0.4,38
[4],0.16,0.0,0.0,0.05,0.75,sigmoid,sgd,0.0,8,gaussian,"(-0.1, 0.1)",15,0.042174214264069046,0.92,39
[3],0.01,0.0,0.0,0.15000000000000002,0.75,sigmoid,sgd,0.0,2,gaussian,"(-0.5, 0.5)",15,0.10960877180469182,0.72,40
[4],0.01,0.0,0.0,0.25,0.8,sigmoid,sgd,0.0,8,gaussian,"(-0.1, 0.1)",15,0.1256464736176444,0.4,41
[4],0.16,0.0,0.0,0.1,0.9000000000000001,sigmoid,sgd,0.0,8,gaussian,"(-0.1, 0.1)",15,0.014608700777214252,0.96,42
[3],0.16,0.0,0.0,0.15000000000000002,0.8,sigmoid,sgd,0.0,4,gaussian,"(-0.5, 0.5)",15,0.009075185716693603,1.0,43
[4],0.01,0.0,0.0,0.1,0.8,sigmoid,sgd,0.0,4,gaussian,"(-0.5, 0.5)",15,0.10774488494337034,0.76,44
[3],0.16,0.0,0.0,0.1,0.8500000000000001,sigmoid,sgd,0.0,8,gaussian,"(-0.1, 0.1)",15,0.0515055903543274,0.8,45
[4],0.01,0.0,0.0,0.15000000000000002,0.75,sigmoid,sgd,0.0,4,gaussian,"(-0.5, 0.5)",15,0.11799193111027463,0.6,46
[4],0.16,0.0,0.0,0.15000000000000002,0.8,sigmoid,sgd,0.0,2,gaussian,"(-0.1, 0.1)",15,0.021425437226542526,0.96,47
[3],0.01,0.0,0.0,0.05,0.7,sigmoid,sgd,0.0,8,gaussian,"(-0.5, 0.5)",15,0.12662202918334847,0.4,48
[4],0.16,0.0,0.0,0.05,0.9000000000000001,sigmoid,sgd,0.0,4,gaussian,"(-0.5, 0.5)",15,0.00622643663871866,1.0,49
[3],0.01,0.0,0.0,0.2,0.75,sigmoid,sgd,0.0,8,gaussian,"(-0.5, 0.5)",15,0.12641904271077126,0.4,50
[3],0.16,0.0,0.0,0.0,0.8500000000000001,sigmoid,sgd,0.0,8,gaussian,"(-0.5, 0.5)",15,0.03683088443838341,0.92,51
[3],0.16,0.0,0.0,0.2,0.9000000000000001,sigmoid,sgd,0.0,2,gaussian,"(-0.5, 0.5)",15,0.01953279698871645,0.96,52
[4],0.01,0.0,0.0,0.15000000000000002,0.9000000000000001,sigmoid,sgd,0.0,2,gaussian,"(-0.1, 0.1)",15,0.07155306038792832,0.8,53
[4],0.16,0.0,0.0,0.1,0.8,sigmoid,sgd,0.0,8,gaussian,"(-0.5, 0.5)",15,0.03783164790815299,0.96,54
[3],0.16,0.0,0.0,0.25,0.8500000000000001,sigmoid,sgd,0.0,4,gaussian,"(-0.5, 0.5)",15,0.03819523125931732,0.92,55
[4],0.16,0.0,0.0,0.2,0.9000000000000001,sigmoid,sgd,0.0,4,gaussian,"(-0.5, 0.5)",15,0.024387495174670572,0.96,56
[3],0.01,0.0,0.0,0.25,0.75,sigmoid,sgd,0.0,8,gaussian,"(-0.5, 0.5)",15,0.1263846653980425,0.4,57
[4],0.01,0.0,0.0,0.05,0.8,sigmoid,sgd,0.0,8,gaussian,"(-0.5, 0.5)",15,0.12367879912947702,0.52,58
[3],0.01,0.0,0.0,0.2,0.8,sigmoid,sgd,0.0,4,gaussian,"(-0.5, 0.5)",15,0.1236180871973,0.52,59
[4],0.01,0.0,0.0,0.0,0.8,sigmoid,sgd,0.0,2,gaussian,"(-0.1, 0.1)",15,0.07801222120656347,0.8,60
[3],0.16,0.0,0.0,0.0,0.75,sigmoid,sgd,0.0,4,gaussian,"(-0.5, 0.5)",15,0.03157305160472408,0.92,61
[4],0.01,0.0,0.0,0.2,0.7,sigmoid,sgd,0.0,2,gaussian,"(-0.1, 0.1)",15,0.096120554669121,0.84,62
[3],0.01,0.0,0.0,0.15000000000000002,0.8500000000000001,sigmoid,sgd,0.0,8,gaussian,"(-0.5, 0.5)",15,0.12551755629787525,0.48,63
[3],0.01,0.0,0.0,0.1,0.9000000000000001,sigmoid,sgd,0.0,4,gaussian,"(-0.1, 0.1)",15,0.08484158909784449,0.8,64
[3],0.01,0.0,0.0,0.1,0.9000000000000001,sigmoid,sgd,0.0,8,gaussian,"(-0.5, 0.5)",15,0.12365885257022928,0.56,65
[4],0.16,0.0,0.0,0.0,0.9000000000000001,sigmoid,sgd,0.0,2,gaussian,"(-0.1, 0.1)",15,0.002326747979798826,1.0,66
[4],0.01,0.0,0.0,0.05,0.8500000000000001,sigmoid,sgd,0.0,2,gaussian,"(-0.5, 0.5)",15,0.07339673839084167,0.84,67
[4],0.01,0.0,0.0,0.1,0.8,sigmoid,sgd,0.0,4,gaussian,"(-0.1, 0.1)",15,0.10401515389546086,0.68,69
[3],0.01,0.0,0.0,0.25,0.75,sigmoid,sgd,0.0,2,gaussian,"(-0.1, 0.1)",15,0.09837004913274468,0.72,71
[3],0.16,0.0,0.0,0.25,0.8,sigmoid,sgd,0.0,4,gaussian,"(-0.5, 0.5)",15,0.041448984146078865,0.92,72
[3],0.01,0.0,0.0,0.0,0.8,sigmoid,sgd,0.0,8,gaussian,"(-0.5, 0.5)",15,0.12608489680379983,0.44,73
[3],0.16,0.0,0.0,0.2,0.8500000000000001,sigmoid,sgd,0.0,2,gaussian,"(-0.5, 0.5)",15,0.03518069961770277,0.92,74
[3],0.16,0.0,0.0,0.0,0.8,sigmoid,sgd,0.0,2,gaussian,"(-0.5, 0.5)",15,0.016675061012395777,0.92,75
[3],0.16,0.0,0.0,0.0,0.9000000000000001,sigmoid,sgd,0.0,2,gaussian,"(-0.5, 0.5)",15,0.016178378050845564,0.92,76
[4],0.16,0.0,0.0,0.25,0.7,sigmoid,sgd,0.0,8,gaussian,"(-0.1, 0.1)",15,0.07548203710204775,0.84,77
[4],0.01,0.0,0.0,0.25,0.7,sigmoid,sgd,0.0,8,gaussian,"(-0.1, 0.1)",15,0.1269944078386176,0.4,78
[3],0.16,0.0,0.0,0.0,0.8,sigmoid,sgd,0.0,8,gaussian,"(-0.1, 0.1)",15,0.049658846884541426,0.84,79
[3],0.01,0.0,0.0,0.0,0.9000000000000001,sigmoid,sgd,0.0,4,gaussian,"(-0.5, 0.5)",15,0.10451594191727036,0.68,80
[4],0.01,0.0,0.0,0.15000000000000002,0.8,sigmoid,sgd,0.0,8,gaussian,"(-0.5, 0.5)",15,0.12370952731516667,0.52,81
[4],0.16,0.0,0.0,0.05,0.8500000000000001,sigmoid,sgd,0.0,8,gaussian,"(-0.5, 0.5)",15,0.010209946464432957,1.0,82
[3],0.16,0.0,0.0,0.1,0.7,sigmoid,sgd,0.0,2,gaussian,"(-0.5, 0.5)",15,0.0294171579888792,0.92,83
[3],0.01,0.0,0.0,0.25,0.7,sigmoid,sgd,0.0,2,gaussian,"(-0.5, 0.5)",15,0.11684663141614861,0.56,84
[4],0.01,0.0,0.0,0.05,0.75,sigmoid,sgd,0.0,4,gaussian,"(-0.1, 0.1)",15,0.11312090136929286,0.64,85
[4],0.01,0.0,0.0,0.05,0.75,sigmoid,sgd,0.0,4,gaussian,"(-0.5, 0.5)",15,0.11785593693126557,0.64,86
[4],0.16,0.0,0.0,0.2,0.8500000000000001,sigmoid,sgd,0.0,8,gaussian,"(-0.1, 0.1)",15,0.05545218431230513,0.88,87
[3],0.16,0.0,0.0,0.25,0.8,sigmoid,sgd,0.0,4,gaussian,"(-0.1, 0.1)",15,0.053742504380170315,0.88,88
[3],0.01,0.0,0.0,0.2,0.75,sigmoid,sgd,0.0,4,gaussian,"(-0.5, 0.5)",15,0.1252894852116247,0.48,89
[4],0.16,0.0,0.0,0.0,0.8,sigmoid,sgd,0.0,2,gaussian,"(-0.5, 0.5)",15,0.006549683634290507,1.0,90
[3],0.16,0.0,0.0,0.1,0.75,sigmoid,sgd,0.0,2,gaussian,"(-0.1, 0.1)",15,0.056944978822081146,0.88,91
[3],0.01,0.0,0.0,0.0,0.9000000000000001,sigmoid,sgd,0.0,8,gaussian,"(-0.5, 0.5)",15,0.12347557733896618,0.56,92
[3],0.01,0.0,0.0,0.1,0.7,sigmoid,sgd,0.0,4,gaussian,"(-0.1, 0.1)",15,0.12694653903849912,0.4,94
[4],0.01,0.0,0.0,0.2,0.7,sigmoid,sgd,0.0,4,gaussian,"(-0.1, 0.1)",15,0.12122628810491219,0.48,95
[4],0.16,0.0,0.0,0.0,0.7,sigmoid,sgd,0.0,8,gaussian,"(-0.5, 0.5)",15,0.05427930436427829,0.88,96
[4],0.16,0.0,0.0,0.15000000000000002,0.8500000000000001,sigmoid,sgd,0.0,4,gaussian,"(-0.5, 0.5)",15,0.008089278031916051,1.0,98
[3],0.01,0.0,0.0,0.0,0.7,sigmoid,sgd,0.0,8,gaussian,"(-0.1, 0.1)",15,0.12738629522749212,0.4,99
[4],0.16,0.0,0.0,0.25,0.8500000000000001,sigmoid,sgd,0.0,8,gaussian,"(-0.1, 0.1)",15,0.0345773048443637,0.88,100
[4],0.01,0.0,0.0,0.0,0.8,sigmoid,sgd,0.0,8,gaussian,"(-0.5, 0.5)",15,0.12293405543079299,0.56,101
[3],0.01,0.0,0.0,0.1,0.8,sigmoid,sgd,0.0,8,gaussian,"(-0.1, 0.1)",15,0.12758160844743346,0.4,102
[3],0.01,0.0,0.0,0.0,0.9000000000000001,sigmoid,sgd,0.0,2,gaussian,"(-0.5, 0.5)",15,0.07294873291846797,0.88,103
[4],0.01,0.0,0.0,0.0,0.75,sigmoid,sgd,0.0,8,gaussian,"(-0.5, 0.5)",15,0.12368343209926523,0.52,104
[4],0.16,0.0,0.0,0.1,0.75,sigmoid,sgd,0.0,8,gaussian,"(-0.5, 0.5)",15,0.05265736994891413,0.88,105
[3],0.01,0.0,0.0,0.15000000000000002,0.9000000000000001,sigmoid,sgd,0.0,2,gaussian,"(-0.5, 0.5)",15,0.0786354744961384,0.84,106
[4],0.01,0.0,0.0,0.15000000000000002,0.7,sigmoid,sgd,0.0,8,gaussian,"(-0.5, 0.5)",15,0.12466733637548837,0.48,108
[4],0.01,0.0,0.0,0.15000000000000002,0.8,sigmoid,sgd,0.0,8,gaussian,"(-0.1, 0.1)",15,0.12536792636965355,0.4,110
[4],0.16,0.0,0.0,0.25,0.75,sigmoid,sgd,0.0,2,gaussian,"(-0.1, 0.1)",15,0.038714752090534904,0.92,111
[3],0.16,0.0,0.0,0.15000000000000002,0.9000000000000001,sigmoid,sgd,0.0,2,gaussian,"(-0.5, 0.5)",15,0.011350370949532028,0.96,112
[4],0.16,0.0,0.0,0.2,0.7,sigmoid,sgd,0.0,2,gaussian,"(-0.5, 0.5)",15,0.03984460735886214,0.92,113
[4],0.01,0.0,0.0,0.25,0.7,sigmoid,sgd,0.0,4,gaussian,"(-0.1, 0.1)",15,0.12167262279184031,0.44,114
[3],0.16,0.0,0.0,0.0,0.8,sigmoid,sgd,0.0,4,gaussian,"(-0.5, 0.5)",15,0.028882594584230214,0.92,115
[4],0.16,0.0,0.0,0.15000000000000002,0.8500000000000001,sigmoid,sgd,0.0,2,gaussian,"(-0.5, 0.5)",15,0.009541479071271656,1.0,116
[4],0.01,0.0,0.0,0.1,0.7,sigmoid,sgd,0.0,8,gaussian,"(-0.5, 0.5)",15,0.12466570421195824,0.48,117
[4],0.16,0.0,0.0,0.05,0.9000000000000001,sigmoid,sgd,0.0,4,gaussian,"(-0.1, 0.1)",15,0.03160312681774434,0.96,118
[4],0.16,0.0,0.0,0.05,0.75,sigmoid,sgd,0.0,8,gaussian,"(-0.5, 0.5)",15,0.04770413130761108,0.88,119
[3],0.16,0.0,0.0,0.05,0.75,sigmoid,sgd,0.0,4,gaussian,"(-0.5, 0.5)",15,0.03451758734871933,0.92,120
[4],0.16,0.0,0.0,0.05,0.9000000000000001,sigmoid,sgd,0.0,8,gaussian,"(-0.5, 0.5)",15,0.004644031068412863,1.0,121
[4],0.16,0.0,0.0,0.2,0.9000000000000001,sigmoid,sgd,0.0,2,gaussian,"(-0.5, 0.5)",15,0.004474101733498684,1.0,122
[3],0.01,0.0,0.0,0.1,0.7,sigmoid,sgd,0.0,2,gaussian,"(-0.5, 0.5)",15,0.1165285503338133,0.56,123
[4],0.01,0.0,0.0,0.15000000000000002,0.7,sigmoid,sgd,0.0,4,gaussian,"(-0.1, 0.1)",15,0.12100498237941211,0.52,124
[4],0.01,0.0,0.0,0.25,0.8,sigmoid,sgd,0.0,8,gaussian,"(-0.5, 0.5)",15,0.12376668059930541,0.52,125
[4],0.01,0.0,0.0,0.0,0.7,sigmoid,sgd,0.0,4,gaussian,"(-0.5, 0.5)",15,0.12096297613497851,0.56,126
[3],0.01,0.0,0.0,0.05,0.8500000000000001,sigmoid,sgd,0.0,8,gaussian,"(-0.1, 0.1)",15,0.127555569018834,0.4,127
[4],0.16,0.0,0.0,0.0,0.9000000000000001,sigmoid,sgd,0.0,8,gaussian,"(-0.1, 0.1)",15,0.02548233504436196,0.96,128
[3],0.16,0.0,0.0,0.15000000000000002,0.7,sigmoid,sgd,0.0,2,gaussian,"(-0.1, 0.1)",15,0.03785708172697585,0.88,129
[3],0.16,0.0,0.0,0.05,0.7,sigmoid,sgd,0.0,8,gaussian,"(-0.1, 0.1)",15,0.05162771851440556,0.84,130
[4],0.01,0.0,0.0,0.25,0.75,sigmoid,sgd,0.0,2,gaussian,"(-0.5, 0.5)",15,0.08829048654861495,0.8,132
[4],0.01,0.0,0.0,0.2,0.8,sigmoid,sgd,0.0,4,gaussian,"(-0.5, 0.5)",15,0.10844250258823691,0.72,134
[3],0.16,0.0,0.0,0.1,0.8500000000000001,sigmoid,sgd,0.0,2,gaussian,"(-0.5, 0.5)",15,0.006537435381561068,1.0,135
[3],0.01,0.0,0.0,0.05,0.9000000000000001,sigmoid,sgd,0.0,8,gaussian,"(-0.5, 0.5)",15,0.1237634873716179,0.56,136
[4],0.01,0.0,0.0,0.2,0.75,sigmoid,sgd,0.0,8,gaussian,"(-0.5, 0.5)",15,0.12438588379346179,0.48,137
[4],0.16,0.0,0.0,0.25,0.8,sigmoid,sgd,0.0,8,gaussian,"(-0.1, 0.1)",15,0.05680490660825069,0.84,138
[4],0.16,0.0,0.0,0.25,0.8500000000000001,sigmoid,sgd,0.0,2,gaussian,"(-0.5, 0.5)",15,0.015183979594920145,1.0,139
[3],0.16,0.0,0.0,0.0,0.8,sigmoid,sgd,0.0,8,gaussian,"(-0.5, 0.5)",15,0.04013007695617901,0.92,140
[3],0.01,0.0,0.0,0.05,0.75,sigmoid,sgd,0.0,4,gaussian,"(-0.1, 0.1)",15,0.12588852641261883,0.4,141
[3],0.16,0.0,0.0,0.15000000000000002,0.8500000000000001,sigmoid,sgd,0.0,8,gaussian,"(-0.5, 0.5)",15,0.04069364427337475,0.92,142
[3],0.01,0.0,0.0,0.1,0.75,sigmoid,sgd,0.0,8,gaussian,"(-0.1, 0.1)",15,0.12750755721533596,0.4,144
[4],0.01,0.0,0.0,0.2,0.75,sigmoid,sgd,0.0,2,gaussian,"(-0.5, 0.5)",15,0.08733462841391645,0.84,145
[3],0.16,0.0,0.0,0.2,0.7,sigmoid,sgd,0.0,8,gaussian,"(-0.5, 0.5)",15,0.06570171228050953,0.88,146
[4],0.01,0.0,0.0,0.25,0.7,sigmoid,sgd,0.0,2,gaussian,"(-0.1, 0.1)",15,0.09774577172362649,0.76,147
[4],0.16,0.0,0.0,0.25,0.8,sigmoid,sgd,0.0,2,gaussian,"(-0.1, 0.1)",15,0.016433725784414654,1.0,148
[3],0.01,0.0,0.0,0.2,0.8,sigmoid,sgd,0.0,4,gaussian,"(-0.1, 0.1)",15,0.12388384558992134,0.4,151
[4],0.01,0.0,0.0,0.1,0.8,sigmoid,sgd,0.0,8,gaussian,"(-0.5, 0.5)",15,0.12370076396162466,0.52,152
[4],0.01,0.0,0.0,0.15000000000000002,0.9000000000000001,sigmoid,sgd,0.0,4,gaussian,"(-0.5, 0.5)",15,0.07929334054578878,0.84,153
[4],0.01,0.0,0.0,0.2,0.9000000000000001,sigmoid,sgd,0.0,8,gaussian,"(-0.5, 0.5)",15,0.11060654878256536,0.68,155
[4],0.16,0.0,0.0,0.15000000000000002,0.7,sigmoid,sgd,0.0,8,gaussian,"(-0.5, 0.5)",15,0.06975557696617055,0.84,156
[3],0.16,0.0,0.0,0.25,0.8500000000000001,sigmoid,sgd,0.0,8,gaussian,"(-0.5, 0.5)",15,0.04096037772494991,0.92,159
[4],0.16,0.0,0.0,0.2,0.8,sigmoid,sgd,0.0,2,gaussian,"(-0.1, 0.1)",15,0.02781632425712212,0.96,161
[4],0.01,0.0,0.0,0.1,0.8500000000000001,sigmoid,sgd,0.0,8,gaussian,"(-0.1, 0.1)",15,0.12077342492040051,0.48,162
[3],0.01,0.0,0.0,0.05,0.7,sigmoid,sgd,0.0,4,gaussian,"(-0.1, 0.1)",15,0.12713935776670643,0.4,163
[3],0.01,0.0,0.0,0.2,0.75,sigmoid,sgd,0.0,4,gaussian,"(-0.1, 0.1)",15,0.1272359710202159,0.4,164
[3],0.01,0.0,0.0,0.2,0.7,sigmoid,sgd,0.0,4,gaussian,"(-0.5, 0.5)",15,0.12601689598290255,0.48,165
[3],0.01,0.0,0.0,0.1,0.9000000000000001,sigmoid,sgd,0.0,2,gaussian,"(-0.5, 0.5)",15,0.0765658556988819,0.84,166
[3],0.01,0.0,0.0,0.1,0.75,sigmoid,sgd,0.0,4,gaussian,"(-0.1, 0.1)",15,0.12543471522140506,0.4,167
[4],0.16,0.0,0.0,0.2,0.8,sigmoid,sgd,0.0,4,gaussian,"(-0.1, 0.1)",15,0.026350912673073594,0.96,168
[3],0.16,0.0,0.0,0.15000000000000002,0.75,sigmoid,sgd,0.0,4,gaussian,"(-0.1, 0.1)",15,0.033532301652351465,0.92,169
[3],0.01,0.0,0.0,0.15000000000000002,0.8,sigmoid,sgd,0.0,4,gaussian,"(-0.1, 0.1)",15,0.11729501873466024,0.6,170
[3],0.16,0.0,0.0,0.05,0.8500000000000001,sigmoid,sgd,0.0,8,gaussian,"(-0.5, 0.5)",15,0.03885328567057274,0.92,171
[4],0.01,0.0,0.0,0.2,0.7,sigmoid,sgd,0.0,8,gaussian,"(-0.1, 0.1)",15,0.12706354669196004,0.4,172
[3],0.16,0.0,0.0,0.0,0.9000000000000001,sigmoid,sgd,0.0,4,gaussian,"(-0.5, 0.5)",15,0.026558406895229557,0.92,173
[4],0.01,0.0,0.0,0.15000000000000002,0.8,sigmoid,sgd,0.0,4,gaussian,"(-0.1, 0.1)",15,0.10536905654330254,0.68,174
[4],0.01,0.0,0.0,0.25,0.9000000000000001,sigmoid,sgd,0.0,8,gaussian,"(-0.1, 0.1)",15,0.10835588758500168,0.64,176
[3],0.01,0.0,0.0,0.1,0.8500000000000001,sigmoid,sgd,0.0,4,gaussian,"(-0.5, 0.5)",15,0.11858756346587393,0.56,177
[3],0.01,0.0,0.0,0.0,0.8500000000000001,sigmoid,sgd,0.0,8,gaussian,"(-0.5, 0.5)",15,0.12549474927819884,0.48,178
[3],0.01,0.0,0.0,0.25,0.7,sigmoid,sgd,0.0,2,gaussian,"(-0.1, 0.1)",15,0.10718131396187233,0.68,179
[4],0.16,0.0,0.0,0.05,0.8,sigmoid,sgd,0.0,2,gaussian,"(-0.5, 0.5)",15,0.005072451025038541,1.0,180
[4],0.01,0.0,0.0,0.1,0.8500000000000001,sigmoid,sgd,0.0,4,gaussian,"(-0.5, 0.5)",15,0.09021147007265434,0.76,181
[3],0.01,0.0,0.0,0.1,0.75,sigmoid,sgd,0.0,4,gaussian,"(-0.5, 0.5)",15,0.12532694574367048,0.48,182
[3],0.16,0.0,0.0,0.25,0.7,sigmoid,sgd,0.0,4,gaussian,"(-0.1, 0.1)",15,0.060274569719578716,0.84,183
[3],0.01,0.0,0.0,0.2,0.9000000000000001,sigmoid,sgd,0.0,2,gaussian,"(-0.1, 0.1)",15,0.08004194476519468,0.76,184
[3],0.16,0.0,0.0,0.05,0.9000000000000001,sigmoid,sgd,0.0,4,gaussian,"(-0.5, 0.5)",15,0.011314265840708366,1.0,185
[4],0.16,0.0,0.0,0.1,0.9000000000000001,sigmoid,sgd,0.0,2,gaussian,"(-0.5, 0.5)",15,0.002514547214834002,1.0,186
[3],0.16,0.0,0.0,0.2,0.75,sigmoid,sgd,0.0,4,gaussian,"(-0.5, 0.5)",15,0.03826643217753776,0.92,188
[3],0.01,0.0,0.0,0.25,0.9000000000000001,sigmoid,sgd,0.0,8,gaussian,"(-0.1, 0.1)",15,0.1252349240910538,0.4,189
[4],0.01,0.0,0.0,0.25,0.75,sigmoid,sgd,0.0,4,gaussian,"(-0.5, 0.5)",15,0.11818043850474007,0.6,190
[4],0.01,0.0,0.0,0.0,0.9000000000000001,sigmoid,sgd,0.0,2,gaussian,"(-0.1, 0.1)",15,0.06330962807156211,0.8,191
[4],0.16,0.0,0.0,0.2,0.75,sigmoid,sgd,0.0,4,gaussian,"(-0.5, 0.5)",15,0.05251668969553945,0.88,193
[4],0.16,0.0,0.0,0.25,0.75,sigmoid,sgd,0.0,2,gaussian,"(-0.5, 0.5)",15,0.02998227216914812,0.96,197
[4],0.16,0.0,0.0,0.0,0.8,sigmoid,sgd,0.0,4,gaussian,"(-0.5, 0.5)",15,0.00341048447888974,1.0,198
[3],0.16,0.0,0.0,0.05,0.7,sigmoid,sgd,0.0,8,gaussian,"(-0.5, 0.5)",15,0.06158196145761452,0.88,199
[4],0.01,0.0,0.0,0.0,0.7,sigmoid,sgd,0.0,2,gaussian,"(-0.1, 0.1)",15,0.0873329674690912,0.8,200
[4],0.16,0.0,0.0,0.2,0.9000000000000001,sigmoid,sgd,0.0,8,gaussian,"(-0.5, 0.5)",15,0.03173917055186462,0.88,1
[4],0.01,0.0,0.0,0.1,0.8500000000000001,sigmoid,sgd,0.0,2,gaussian,"(-0.5, 0.5)",15,0.07242297514651282,0.72,2
[4],0.16,0.0,0.0,0.15000000000000002,0.75,sigmoid,sgd,0.0,4,gaussian,"(-0.1, 0.1)",15,0.08619730054759243,0.72,3
[4],0.16,0.0,0.0,0.05,0.8500000000000001,sigmoid,sgd,0.0,2,gaussian,"(-0.5, 0.5)",15,0.004689067203638299,1.0,4
[4],0.16,0.0,0.0,0.15000000000000002,0.8,sigmoid,sgd,0.0,4,gaussian,"(-0.1, 0.1)",15,0.019900501403763246,1.0,5
[4],0.16,0.0,0.0,0.1,0.8500000000000001,sigmoid,sgd,0.0,4,gaussian,"(-0.1, 0.1)",15,0.0039102403856704345,1.0,6
[3],0.01,0.0,0.0,0.25,0.8500000000000001,sigmoid,sgd,0.0,8,gaussian,"(-0.1, 0.1)",15,0.12387908121547837,0.48,7
[4],0.01,0.0,0.0,0.1,0.75,sigmoid,sgd,0.0,8,gaussian,"(-0.5, 0.5)",15,0.12423370322058874,0.48,8
[3],0.16,0.0,0.0,0.25,0.9000000000000001,sigmoid,sgd,0.0,8,gaussian,"(-0.5, 0.5)",15,0.07396180446008987,0.84,9
[4],0.16,0.0,0.0,0.0,0.7,sigmoid,sgd,0.0,4,gaussian,"(-0.5, 0.5)",15,0.02735452485175273,0.92,10
[4],0.16,0.0,0.0,0.15000000000000002,0.75,sigmoid,sgd,0.0,8,gaussian,"(-0.5, 0.5)",15,0.05898411802258591,0.8,12
[3],0.16,0.0,0.0,0.0,0.7,sigmoid,sgd,0.0,8,gaussian,"(-0.1, 0.1)",15,0.04562092527516509,0.84,13
[4],0.16,0.0,0.0,0.15000000000000002,0.75,sigmoid,sgd,0.0,2,gaussian,"(-0.5, 0.5)",15,0.04142105904528685,0.88,14
[4],0.16,0.0,0.0,0.0,0.75,sigmoid,sgd,0.0,4,gaussian,"(-0.1, 0.1)",15,0.06828771317011512,0.76,15
[4],0.01,0.0,0.0,0.1,0.8500000000000001,sigmoid,sgd,0.0,4,gaussian,"(-0.1, 0.1)",15,0.08490540821491338,0.64,16
[4],0.01,0.0,0.0,0.25,0.75,sigmoid,sgd,0.0,2,gaussian,"(-0.1, 0.1)",15,0.08333716644987398,0.68,17
[4],0.16,0.0,0.0,0.2,0.75,sigmoid,sgd,0.0,8,gaussian,"(-0.5, 0.5)",15,0.058194026102769275,0.8,18
[4],0.01,0.0,0.0,0.05,0.8,sigmoid,sgd,0.0,2,gaussian,"(-0.5, 0.5)",15,0.07947600825797173,0.68,19
[4],0.01,0.0,0.0,0.25,0.8500000000000001,sigmoid,sgd,0.0,2,gaussian,"(-0.5, 0.5)",15,0.07438938493968511,0.76,22
[4],0.01,0.0,0.0,0.15000000000000002,0.7,sigmoid,sgd,0.0,8,gaussian,"(-0.1, 0.1)",15,0.12496052904202946,0.44,23
[3],0.01,0.0,0.0,0.2,0.8,sigmoid,sgd,0.0,8,gaussian,"(-0.1, 0.1)",15,0.12549923155372344,0.44,24
[3],0.16,0.0,0.0,0.0,0.8,sigmoid,sgd,0.0,4,gaussian,"(-0.1, 0.1)",15,0.07560767185723867,0.84,30
[4],0.01,0.0,0.0,0.25,0.7,sigmoid,sgd,0.0,8,gaussian,"(-0.5, 0.5)",15,0.12479427370408418,0.48,31
[3],0.01,0.0,0.0,0.25,0.8,sigmoid,sgd,0.0,2,gaussian,"(-0.1, 0.1)",15,0.08074313814134067,0.72,32
[3],0.01,0.0,0.0,0.1,0.8,sigmoid,sgd,0.0,2,gaussian,"(-0.1, 0.1)",15,0.07565365889770403,0.68,33
[4],0.16,0.0,0.0,0.15000000000000002,0.8,sigmoid,sgd,0.0,8,gaussian,"(-0.1, 0.1)",15,0.05162258369713858,0.8,35
[3],0.16,0.0,0.0,0.25,0.9000000000000001,sigmoid,sgd,0.0,4,gaussian,"(-0.5, 0.5)",15,0.04774989233783356,0.84,37
[4],0.16,0.0,0.0,0.25,0.8500000000000001,sigmoid,sgd,0.0,2,gaussian,"(-0.1, 0.1)",15,0.015464348167931933,1.0,39
[4],0.16,0.0,0.0,0.2,0.7,sigmoid,sgd,0.0,2,gaussian,"(-0.1, 0.1)",15,0.011054334715577797,1.0,40
[4],0.01,0.0,0.0,0.1,0.75,sigmoid,sgd,0.0,4,gaussian,"(-0.5, 0.5)",15,0.11657430487401894,0.52,41
[3],0.16,0.0,0.0,0.05,0.8,sigmoid,sgd,0.0,8,gaussian,"(-0.5, 0.5)",15,0.045700571826894014,0.92,42
[3],0.16,0.0,0.0,0.15000000000000002,0.9000000000000001,sigmoid,sgd,0.0,2,gaussian,"(-0.1, 0.1)",15,0.009284948415600328,1.0,43
[3],0.01,0.0,0.0,0.25,0.9000000000000001,sigmoid,sgd,0.0,4,gaussian,"(-0.5, 0.5)",15,0.10374473002459775,0.76,44
[4],0.16,0.0,0.0,0.2,0.8500000000000001,sigmoid,sgd,0.0,2,gaussian,"(-0.5, 0.5)",15,0.014655819072147646,1.0,48
[3],0.16,0.0,0.0,0.0,0.8500000000000001,sigmoid,sgd,0.0,4,gaussian,"(-0.1, 0.1)",15,0.07461179791722392,0.8,49
[3],0.01,0.0,0.0,0.15000000000000002,0.75,sigmoid,sgd,0.0,8,gaussian,"(-0.5, 0.5)",15,0.12499681610519967,0.44,51
[4],0.16,0.0,0.0,0.0,0.9000000000000001,sigmoid,sgd,0.0,4,gaussian,"(-0.1, 0.1)",15,0.002707229314736451,1.0,53
[4],0.01,0.0,0.0,0.05,0.7,sigmoid,sgd,0.0,4,gaussian,"(-0.1, 0.1)",15,0.11743667221100962,0.68,56
[4],0.01,0.0,0.0,0.0,0.7,sigmoid,sgd,0.0,2,gaussian,"(-0.5, 0.5)",15,0.09350599744400583,0.64,57
[3],0.01,0.0,0.0,0.2,0.8500000000000001,sigmoid,sgd,0.0,2,gaussian,"(-0.1, 0.1)",15,0.07489001340644125,0.76,58
[3],0.16,0.0,0.0,0.1,0.8500000000000001,sigmoid,sgd,0.0,4,gaussian,"(-0.1, 0.1)",15,0.005869801131914405,1.0,59
[3],0.16,0.0,0.0,0.15000000000000002,0.75,sigmoid,sgd,0.0,8,gaussian,"(-0.5, 0.5)",15,0.060575412722681715,0.92,60
[4],0.16,0.0,0.0,0.2,0.9000000000000001,sigmoid,sgd,0.0,4,gaussian,"(-0.1, 0.1)",15,0.009844550759869715,1.0,61
[4],0.01,0.0,0.0,0.15000000000000002,0.9000000000000001,sigmoid,sgd,0.0,8,gaussian,"(-0.5, 0.5)",15,0.11213472467281975,0.56,62
[3],0.01,0.0,0.0,0.2,0.8500000000000001,sigmoid,sgd,0.0,8,gaussian,"(-0.1, 0.1)",15,0.12453041964081749,0.44,63
[4],0.01,0.0,0.0,0.2,0.75,sigmoid,sgd,0.0,2,gaussian,"(-0.1, 0.1)",15,0.08194050017757357,0.68,64
[3],0.01,0.0,0.0,0.2,0.8500000000000001,sigmoid,sgd,0.0,8,gaussian,"(-0.5, 0.5)",15,0.12431872830985108,0.56,65
[3],0.01,0.0,0.0,0.05,0.9000000000000001,sigmoid,sgd,0.0,8,gaussian,"(-0.1, 0.1)",15,0.11441312335121333,0.64,66
[4],0.16,0.0,0.0,0.1,0.75,sigmoid,sgd,0.0,8,gaussian,"(-0.1, 0.1)",15,0.04164676261759971,0.96,67
[3],0.16,0.0,0.0,0.1,0.8,sigmoid,sgd,0.0,2,gaussian,"(-0.1, 0.1)",15,0.00783136234675027,1.0,68
[4],0.01,0.0,0.0,0.1,0.75,sigmoid,sgd,0.0,8,gaussian,"(-0.1, 0.1)",15,0.12414448870413403,0.52,70
[4],0.01,0.0,0.0,0.05,0.8500000000000001,sigmoid,sgd,0.0,4,gaussian,"(-0.1, 0.1)",15,0.08285761065748502,0.64,72
[3],0.01,0.0,0.0,0.0,0.8,sigmoid,sgd,0.0,4,gaussian,"(-0.1, 0.1)",15,0.11258289671175145,0.68,74
[3],0.16,0.0,0.0,0.2,0.9000000000000001,sigmoid,sgd,0.0,4,gaussian,"(-0.5, 0.5)",15,0.032501955513619285,0.84,75
[4],0.16,0.0,0.0,0.25,0.8,sigmoid,sgd,0.0,4,gaussian,"(-0.5, 0.5)",15,0.058981084039996315,0.84,77
[3],0.16,0.0,0.0,0.15000000000000002,0.8500000000000001,sigmoid,sgd,0.0,8,gaussian,"(-0.1, 0.1)",15,0.014070909656003532,1.0,78
[4],0.16,0.0,0.0,0.2,0.75,sigmoid,sgd,0.0,4,gaussian,"(-0.1, 0.1)",15,0.05211872485900835,0.84,79
[4],0.01,0.0,0.0,0.2,0.9000000000000001,sigmoid,sgd,0.0,2,gaussian,"(-0.1, 0.1)",15,0.06126636498158715,0.84,80
[3],0.16,0.0,0.0,0.0,0.8500000000000001,sigmoid,sgd,0.0,2,gaussian,"(-0.5, 0.5)",15,0.013414097516172625,1.0,81
[4],0.16,0.0,0.0,0.2,0.8500000000000001,sigmoid,sgd,0.0,2,gaussian,"(-0.1, 0.1)",15,0.07397418473847975,0.72,82
[3],0.16,0.0,0.0,0.2,0.8,sigmoid,sgd,0.0,2,gaussian,"(-0.5, 0.5)",15,0.03398061000340464,0.84,83
[4],0.01,0.0,0.0,0.2,0.9000000000000001,sigmoid,sgd,0.0,2,gaussian,"(-0.5, 0.5)",15,0.06351747031554915,0.84,84
[4],0.01,0.0,0.0,0.1,0.8,sigmoid,sgd,0.0,2,gaussian,"(-0.5, 0.5)",15,0.08036848913258568,0.68,85
[3],0.01,0.0,0.0,0.0,0.8,sigmoid,sgd,0.0,2,gaussian,"(-0.1, 0.1)",15,0.07268965675977307,0.72,87
[3],0.16,0.0,0.0,0.0,0.8,sigmoid,sgd,0.0,2,gaussian,"(-0.1, 0.1)",15,0.00318198069430114,1.0,93
[3],0.16,0.0,0.0,0.25,0.9000000000000001,sigmoid,sgd,0.0,2,gaussian,"(-0.5, 0.5)",15,0.03463183466059776,0.84,96
[4],0.16,0.0,0.0,0.1,0.9000000000000001,sigmoid,sgd,0.0,8,gaussian,"(-0.5, 0.5)",15,0.009411214793571711,1.0,97
[3],0.01,0.0,0.0,0.25,0.8500000000000001,sigmoid,sgd,0.0,2,gaussian,"(-0.5, 0.5)",15,0.09313242673955874,0.68,98
[4],0.16,0.0,0.0,0.15000000000000002,0.7,sigmoid,sgd,0.0,8,gaussian,"(-0.1, 0.1)",15,0.06234490205162947,0.84,101
[3],0.01,0.0,0.0,0.05,0.8,sigmoid,sgd,0.0,2,gaussian,"(-0.1, 0.1)",15,0.07497311042026017,0.68,102
[4],0.16,0.0,0.0,0.15000000000000002,0.9000000000000001,sigmoid,sgd,0.0,4,gaussian,"(-0.1, 0.1)",15,0.009926254247175177,1.0,103
[4],0.16,0.0,0.0,0.25,0.75,sigmoid,sgd,0.0,8,gaussian,"(-0.1, 0.1)",15,0.05245816802215027,0.92,106
[4],0.01,0.0,0.0,0.0,0.7,sigmoid,sgd,0.0,4,gaussian,"(-0.1, 0.1)",15,0.11465177757668561,0.64,111
[4],0.16,0.0,0.0,0.05,0.7,sigmoid,sgd,0.0,8,gaussian,"(-0.5, 0.5)",15,0.05228475952207482,0.84,112
[3],0.01,0.0,0.0,0.05,0.7,sigmoid,sgd,0.0,2,gaussian,"(-0.5, 0.5)",15,0.11357893661393804,0.76,113
[3],0.01,0.0,0.0,0.15000000000000002,0.8500000000000001,sigmoid,sgd,0.0,4,gaussian,"(-0.1, 0.1)",15,0.08876408788678423,0.64,114
[3],0.16,0.0,0.0,0.2,0.9000000000000001,sigmoid,sgd,0.0,8,gaussian,"(-0.1, 0.1)",15,0.010878077054494107,1.0,115
[3],0.01,0.0,0.0,0.25,0.75,sigmoid,sgd,0.0,4,gaussian,"(-0.5, 0.5)",15,0.12372612794224992,0.6,116
[4],0.01,0.0,0.0,0.2,0.75,sigmoid,sgd,0.0,4,gaussian,"(-0.1, 0.1)",15,0.11329356910094251,0.68,117
[4],0.01,0.0,0.0,0.25,0.8500000000000001,sigmoid,sgd,0.0,4,gaussian,"(-0.5, 0.5)",15,0.09969811196527151,0.64,119
[4],0.01,0.0,0.0,0.0,0.75,sigmoid,sgd,0.0,8,gaussian,"(-0.1, 0.1)",15,0.12359667458083068,0.6,120
[3],0.16,0.0,0.0,0.05,0.8500000000000001,sigmoid,sgd,0.0,4,gaussian,"(-0.5, 0.5)",15,0.010836490495779704,0.96,121
[3],0.16,0.0,0.0,0.15000000000000002,0.8,sigmoid,sgd,0.0,8,gaussian,"(-0.5, 0.5)",15,0.06719318111171409,0.8,124
[4],0.16,0.0,0.0,0.25,0.9000000000000001,sigmoid,sgd,0.0,4,gaussian,"(-0.1, 0.1)",15,0.0049193595976776945,1.0,126
[3],0.01,0.0,0.0,0.1,0.75,sigmoid,sgd,0.0,2,gaussian,"(-0.5, 0.5)",15,0.10548255161034235,0.76,127
[4],0.01,0.0,0.0,0.2,0.9000000000000001,sigmoid,sgd,0.0,4,gaussian,"(-0.5, 0.5)",15,0.08115210856711723,0.68,128
[4],0.01,0.0,0.0,0.25,0.7,sigmoid,sgd,0.0,4,gaussian,"(-0.5, 0.5)",15,0.12009753434236313,0.56,130
[3],0.01,0.0,0.0,0.2,0.8,sigmoid,sgd,0.0,2,gaussian,"(-0.1, 0.1)",15,0.07843419727895883,0.68,131
[4],0.16,0.0,0.0,0.2,0.9000000000000001,sigmoid,sgd,0.0,8,gaussian,"(-0.1, 0.1)",15,0.02740987029696916,0.88,132
[3],0.01,0.0,0.0,0.25,0.8,sigmoid,sgd,0.0,4,gaussian,"(-0.5, 0.5)",15,0.12183132371744153,0.6,134
[4],0.16,0.0,0.0,0.0,0.9000000000000001,sigmoid,sgd,0.0,8,gaussian,"(-0.5, 0.5)",15,0.011006298393295677,1.0,135
[3],0.01,0.0,0.0,0.05,0.9000000000000001,sigmoid,sgd,0.0,2,gaussian,"(-0.5, 0.5)",15,0.08646882427371488,0.72,136
[3],0.01,0.0,0.0,0.0,0.8500000000000001,sigmoid,sgd,0.0,2,gaussian,"(-0.1, 0.1)",15,0.06662613243057575,0.72,137
[3],0.16,0.0,0.0,0.15000000000000002,0.8500000000000001,sigmoid,sgd,0.0,4,gaussian,"(-0.1, 0.1)",15,0.007247624485299964,1.0,138
[3],0.01,0.0,0.0,0.25,0.7,sigmoid,sgd,0.0,4,gaussian,"(-0.5, 0.5)",15,0.12446736517194802,0.44,139
[4],0.01,0.0,0.0,0.15000000000000002,0.75,sigmoid,sgd,0.0,4,gaussian,"(-0.1, 0.1)",15,0.11503863620690925,0.64,140
[3],0.01,0.0,0.0,0.0,0.7,sigmoid,sgd,0.0,2,gaussian,"(-0.1, 0.1)",15,0.08808812848751627,0.72,141
[4],0.01,0.0,0.0,0.1,0.7,sigmoid,sgd,0.0,8,gaussian,"(-0.1, 0.1)",15,0.12475098426441054,0.44,143
[4],0.01,0.0,0.0,0.0,0.8,sigmoid,sgd,0.0,2,gaussian,"(-0.5, 0.5)",15,0.07834070580360816,0.64,145
[4],0.16,0.0,0.0,0.1,0.8,sigmoid,sgd,0.0,2,gaussian,"(-0.5, 0.5)",15,0.014171433270212204,1.0,146
[3],0.01,0.0,0.0,0.0,0.9000000000000001,sigmoid,sgd,0.0,8,gaussian,"(-0.1, 0.1)",15,0.11324049124136587,0.68,147
[3],0.01,0.0,0.0,0.15000000000000002,0.75,sigmoid,sgd,0.0,2,gaussian,"(-0.1, 0.1)",15,0.0812512898311445,0.64,149
[3],0.16,0.0,0.0,0.1,0.75,sigmoid,sgd,0.0,4,gaussian,"(-0.1, 0.1)",15,0.007478946778600536,1.0,150
[4],0.01,0.0,0.0,0.25,0.9000000000000001,sigmoid,sgd,0.0,4,gaussian,"(-0.5, 0.5)",15,0.08230377684776662,0.72,151
[4],0.01,0.0,0.0,0.2,0.8500000000000001,sigmoid,sgd,0.0,8,gaussian,"(-0.5, 0.5)",15,0.12022573005008122,0.6,152
[3],0.01,0.0,0.0,0.0,0.9000000000000001,sigmoid,sgd,0.0,4,gaussian,"(-0.1, 0.1)",15,0.0730969724443908,0.72,153
[3],0.01,0.0,0.0,0.05,0.9000000000000001,sigmoid,sgd,0.0,2,gaussian,"(-0.1, 0.1)",15,0.06561925144281805,0.84,155
[4],0.01,0.0,0.0,0.25,0.8,sigmoid,sgd,0.0,2,gaussian,"(-0.5, 0.5)",15,0.08252746893706617,0.68,156
[3],0.01,0.0,0.0,0.2,0.9000000000000001,sigmoid,sgd,0.0,2,gaussian,"(-0.5, 0.5)",15,0.08140465982007256,0.8,157
[3],0.01,0.0,0.0,0.0,0.75,sigmoid,sgd,0.0,8,gaussian,"(-0.1, 0.1)",15,0.12562434355110624,0.44,158
[4],0.01,0.0,0.0,0.05,0.8500000000000001,sigmoid,sgd,0.0,8,gaussian,"(-0.1, 0.1)",15,0.1170170264753489,0.68,162
[4],0.16,0.0,0.0,0.05,0.8,sigmoid,sgd,0.0,8,gaussian,"(-0.1, 0.1)",15,0.019061344873051292,1.0,163
[3],0.16,0.0,0.0,0.25,0.75,sigmoid,sgd,0.0,2,gaussian,"(-0.1, 0.1)",15,0.015126103807793221,1.0,164
[3],0.01,0.0,0.0,0.15000000000000002,0.9000000000000001,sigmoid,sgd,0.0,4,gaussian,"(-0.1, 0.1)",15,0.07663893835478153,0.72,165
[3],0.01,0.0,0.0,0.2,0.9000000000000001,sigmoid,sgd,0.0,8,gaussian,"(-0.1, 0.1)",15,0.11473521506746608,0.68,167
[3],0.16,0.0,0.0,0.15000000000000002,0.8,sigmoid,sgd,0.0,2,gaussian,"(-0.5, 0.5)",15,0.027822548456376325,0.84,168
[4],0.16,0.0,0.0,0.05,0.9000000000000001,sigmoid,sgd,0.0,2,gaussian,"(-0.1, 0.1)",15,0.0015039062541843716,1.0,169
[4],0.01,0.0,0.0,0.15000000000000002,0.7,sigmoid,sgd,0.0,4,gaussian,"(-0.5, 0.5)",15,0.12014300567609086,0.56,171
[3],0.16,0.0,0.0,0.05,0.8,sigmoid,sgd,0.0,4,gaussian,"(-0.5, 0.5)",15,0.033900741782281904,0.92,172
[3],0.16,0.0,0.0,0.05,0.75,sigmoid,sgd,0.0,2,gaussian,"(-0.1, 0.1)",15,0.005911611049773201,1.0,173
[3],0.16,0.0,0.0,0.05,0.7,sigmoid,sgd,0.0,4,gaussian,"(-0.5, 0.5)",15,0.04023662879644651,0.92,174
[3],0.16,0.0,0.0,0.15000000000000002,0.75,sigmoid,sgd,0.0,2,gaussian,"(-0.5, 0.5)",15,0.03001570125424932,0.92,176
[3],0.16,0.0,0.0,0.1,0.9000000000000001,sigmoid,sgd,0.0,4,gaussian,"(-0.5, 0.5)",15,0.00998704821161328,1.0,177
[3],0.01,0.0,0.0,0.25,0.8,sigmoid,sgd,0.0,8,gaussian,"(-0.5, 0.5)",15,0.12475780010388887,0.44,179
[3],0.01,0.0,0.0,0.0,0.75,sigmoid,sgd,0.0,4,gaussian,"(-0.5, 0.5)",15,0.12380441423224595,0.6,181
[4],0.16,0.0,0.0,0.0,0.8500000000000001,sigmoid,sgd,0.0,4,gaussian,"(-0.5, 0.5)",15,0.00830174874122994,1.0,182
[4],0.01,0.0,0.0,0.15000000000000002,0.9000000000000001,sigmoid,sgd,0.0,4,gaussian,"(-0.1, 0.1)",15,0.08118747702326017,0.64,183
[3],0.01,0.0,0.0,0.0,0.8500000000000001,sigmoid,sgd,0.0,4,gaussian,"(-0.1, 0.1)",15,0.08884785921186401,0.72,186
[4],0.16,0.0,0.0,0.15000000000000002,0.9000000000000001,sigmoid,sgd,0.0,8,gaussian,"(-0.5, 0.5)",15,0.032377089341322544,0.88,188
[4],0.16,0.0,0.0,0.05,0.8,sigmoid,sgd,0.0,8,gaussian,"(-0.5, 0.5)",15,0.04482795174676757,0.84,192
[4],0.01,0.0,0.0,0.05,0.7,sigmoid,sgd,0.0,2,gaussian,"(-0.1, 0.1)",15,0.08280526481565667,0.64,194
[3],0.01,0.0,0.0,0.05,0.7,sigmoid,sgd,0.0,4,gaussian,"(-0.5, 0.5)",15,0.1245419509268223,0.44,195
[3],0.16,0.0,0.0,0.0,0.75,sigmoid,sgd,0.0,2,gaussian,"(-0.5, 0.5)",15,0.009136469974182075,0.96,196
[4],0.01,0.0,0.0,0.0,0.75,sigmoid,sgd,0.0,4,gaussian,"(-0.1, 0.1)",15,0.10558702961564165,0.68,197
[4],0.16,0.0,0.0,0.25,0.8,sigmoid,sgd,0.0,4,gaussian,"(-0.1, 0.1)",15,0.024368055795836736,0.92,198
[4],0.01,0.0,0.0,0.0,0.8,sigmoid,sgd,0.0,4,gaussian,"(-0.5, 0.5)",15,0.1195368679711028,0.64,1
[3],0.01,0.0,0.0,0.25,0.8500000000000001,sigmoid,sgd,0.0,8,gaussian,"(-0.5, 0.5)",15,0.12806280067574632,0.4,2
[4],0.16,0.0,0.0,0.2,0.8,sigmoid,sgd,0.0,8,gaussian,"(-0.1, 0.1)",15,0.05574932733056851,0.88,4
[3],0.16,0.0,0.0,0.0,0.8500000000000001,sigmoid,sgd,0.0,8,gaussian,"(-0.1, 0.1)",15,0.014142035495199951,1.0,8
[3],0.16,0.0,0.0,0.0,0.75,sigmoid,sgd,0.0,2,gaussian,"(-0.1, 0.1)",15,0.004754580022478205,1.0,9
[4],0.01,0.0,0.0,0.25,0.9000000000000001,sigmoid,sgd,0.0,2,gaussian,"(-0.5, 0.5)",15,0.08373086885216223,0.76,10
[3],0.16,0.0,0.0,0.1,0.8,sigmoid,sgd,0.0,8,gaussian,"(-0.1, 0.1)",15,0.07684399471585653,0.84,11
[4],0.16,0.0,0.0,0.1,0.8500000000000001,sigmoid,sgd,0.0,8,gaussian,"(-0.1, 0.1)",15,0.03128410382336449,0.88,12
[4],0.01,0.0,0.0,0.1,0.75,sigmoid,sgd,0.0,2,gaussian,"(-0.5, 0.5)",15,0.09417856457040966,0.72,13
[4],0.01,0.0,0.0,0.05,0.8,sigmoid,sgd,0.0,2,gaussian,"(-0.1, 0.1)",15,0.08510076610292552,0.76,14
[3],0.16,0.0,0.0,0.2,0.75,sigmoid,sgd,0.0,2,gaussian,"(-0.5, 0.5)",15,0.056120204456709157,0.88,17
[4],0.16,0.0,0.0,0.25,0.9000000000000001,sigmoid,sgd,0.0,4,gaussian,"(-0.5, 0.5)",15,0.02711775274101891,0.96,20
[4],0.16,0.0,0.0,0.0,0.8,sigmoid,sgd,0.0,8,gaussian,"(-0.1, 0.1)",15,0.02890642771468745,0.92,23
[4],0.01,0.0,0.0,0.1,0.75,sigmoid,sgd,0.0,4,gaussian,"(-0.1, 0.1)",15,0.11889158810457873,0.68,24
[3],0.01,0.0,0.0,0.1,0.8,sigmoid,sgd,0.0,8,gaussian,"(-0.5, 0.5)",15,0.12775360549440437,0.4,27
[3],0.16,0.0,0.0,0.05,0.75,sigmoid,sgd,0.0,8,gaussian,"(-0.5, 0.5)",15,0.06867760579636192,0.84,28
[3],0.01,0.0,0.0,0.15000000000000002,0.8,sigmoid,sgd,0.0,8,gaussian,"(-0.1, 0.1)",15,0.12837252852781444,0.4,29
[3],0.16,0.0,0.0,0.15000000000000002,0.8500000000000001,sigmoid,sgd,0.0,4,gaussian,"(-0.5, 0.5)",15,0.015103781348742405,1.0,33
[4],0.01,0.0,0.0,0.25,0.75,sigmoid,sgd,0.0,8,gaussian,"(-0.5, 0.5)",15,0.12854527519186565,0.36,34
[3],0.16,0.0,0.0,0.15000000000000002,0.7,sigmoid,sgd,0.0,4,gaussian,"(-0.1, 0.1)",15,0.044975148103465805,0.88,35
[3],0.16,0.0,0.0,0.25,0.7,sigmoid,sgd,0.0,4,gaussian,"(-0.5, 0.5)",15,0.06974997771549866,0.8,36
[4],0.16,0.0,0.0,0.0,0.75,sigmoid,sgd,0.0,8,gaussian,"(-0.5, 0.5)",15,0.07955898137184528,0.8,40
[4],0.16,0.0,0.0,0.15000000000000002,0.9000000000000001,sigmoid,sgd,0.0,4,gaussian,"(-0.5, 0.5)",15,0.008259758106741281,1.0,42
[3],0.01,0.0,0.0,0.25,0.9000000000000001,sigmoid,sgd,0.0,4,gaussian,"(-0.1, 0.1)",15,0.10143271310349389,0.72,44
[3],0.01,0.0,0.0,0.2,0.9000000000000001,sigmoid,sgd,0.0,4,gaussian,"(-0.1, 0.1)",15,0.0976336502616164,0.72,47
[4],0.16,0.0,0.0,0.15000000000000002,0.75,sigmoid,sgd,0.0,2,gaussian,"(-0.1, 0.1)",15,0.06754431508611385,0.8,48
[3],0.16,0.0,0.0,0.15000000000000002,0.7,sigmoid,sgd,0.0,8,gaussian,"(-0.5, 0.5)",15,0.07588762522826718,0.84,49
[3],0.16,0.0,0.0,0.1,0.9000000000000001,sigmoid,sgd,0.0,4,gaussian,"(-0.1, 0.1)",15,0.0258302572710794,0.88,50
[3],0.16,0.0,0.0,0.1,0.8500000000000001,sigmoid,sgd,0.0,8,gaussian,"(-0.5, 0.5)",15,0.06570639700639078,0.84,51
[4],0.16,0.0,0.0,0.25,0.7,sigmoid,sgd,0.0,4,gaussian,"(-0.1, 0.1)",15,0.05729814448616248,0.84,52
[4],0.16,0.0,0.0,0.05,0.7,sigmoid,sgd,0.0,8,gaussian,"(-0.1, 0.1)",15,0.03735203010202,0.88,56
[3],0.01,0.0,0.0,0.1,0.7,sigmoid,sgd,0.0,4,gaussian,"(-0.5, 0.5)",15,0.12816054383658482,0.4,59
[4],0.01,0.0,0.0,0.0,0.8500000000000001,sigmoid,sgd,0.0,4,gaussian,"(-0.1, 0.1)",15,0.0996919836357721,0.72,61
[4],0.01,0.0,0.0,0.0,0.8500000000000001,sigmoid,sgd,0.0,2,gaussian,"(-0.1, 0.1)",15,0.08086126068409001,0.76,62
[3],0.16,0.0,0.0,0.2,0.8500000000000001,sigmoid,sgd,0.0,4,gaussian,"(-0.1, 0.1)",15,0.06699301087538637,0.84,65
[4],0.01,0.0,0.0,0.25,0.9000000000000001,sigmoid,sgd,0.0,8,gaussian,"(-0.5, 0.5)",15,0.12103548927164443,0.64,66
[3],0.16,0.0,0.0,0.1,0.9000000000000001,sigmoid,sgd,0.0,2,gaussian,"(-0.5, 0.5)",15,0.06035613483245778,0.84,67
[4],0.16,0.0,0.0,0.25,0.7,sigmoid,sgd,0.0,8,gaussian,"(-0.5, 0.5)",15,0.0736772617593541,0.84,68
[4],0.01,0.0,0.0,0.1,0.7,sigmoid,sgd,0.0,4,gaussian,"(-0.5, 0.5)",15,0.1290603255409366,0.48,71
[3],0.01,0.0,0.0,0.15000000000000002,0.75,sigmoid,sgd,0.0,4,gaussian,"(-0.1, 0.1)",15,0.12701830623088328,0.4,72
[3],0.16,0.0,0.0,0.25,0.7,sigmoid,sgd,0.0,2,gaussian,"(-0.1, 0.1)",15,0.06918729111426854,0.84,76
[4],0.01,0.0,0.0,0.1,0.9000000000000001,sigmoid,sgd,0.0,4,gaussian,"(-0.5, 0.5)",15,0.08914278173182622,0.72,77
[4],0.01,0.0,0.0,0.0,0.9000000000000001,sigmoid,sgd,0.0,8,gaussian,"(-0.5, 0.5)",15,0.11999923577052327,0.64,78
[3],0.01,0.0,0.0,0.1,0.7,sigmoid,sgd,0.0,2,gaussian,"(-0.1, 0.1)",15,0.11824457501140899,0.68,81
[3],0.16,0.0,0.0,0.0,0.9000000000000001,sigmoid,sgd,0.0,4,gaussian,"(-0.1, 0.1)",15,0.004427331925021417,1.0,86
[4],0.01,0.0,0.0,0.15000000000000002,0.8500000000000001,sigmoid,sgd,0.0,4,gaussian,"(-0.5, 0.5)",15,0.1066031145476247,0.72,89
[3],0.16,0.0,0.0,0.05,0.8500000000000001,sigmoid,sgd,0.0,4,gaussian,"(-0.1, 0.1)",15,0.005940021512093716,1.0,90
[3],0.16,0.0,0.0,0.25,0.8500000000000001,sigmoid,sgd,0.0,2,gaussian,"(-0.5, 0.5)",15,0.05951284600231396,0.88,93
[4],0.16,0.0,0.0,0.0,0.8500000000000001,sigmoid,sgd,0.0,8,gaussian,"(-0.5, 0.5)",15,0.023763398913548294,0.96,95
[4],0.01,0.0,0.0,0.2,0.8,sigmoid,sgd,0.0,2,gaussian,"(-0.1, 0.1)",15,0.08978452537502761,0.72,96
[3],0.16,0.0,0.0,0.2,0.7,sigmoid,sgd,0.0,4,gaussian,"(-0.5, 0.5)",15,0.05873143881712442,0.88,98
[3],0.01,0.0,0.0,0.0,0.7,sigmoid,sgd,0.0,4,gaussian,"(-0.5, 0.5)",15,0.12812122204727755,0.4,99
[3],0.16,0.0,0.0,0.2,0.75,sigmoid,sgd,0.0,8,gaussian,"(-0.1, 0.1)",15,0.0855318490709388,0.72,101
[4],0.01,0.0,0.0,0.1,0.7,sigmoid,sgd,0.0,2,gaussian,"(-0.1, 0.1)",15,0.09815836762097735,0.72,105
[3],0.01,0.0,0.0,0.15000000000000002,0.9000000000000001,sigmoid,sgd,0.0,4,gaussian,"(-0.5, 0.5)",15,0.12105399567153272,0.68,107
[3],0.16,0.0,0.0,0.0,0.7,sigmoid,sgd,0.0,8,gaussian,"(-0.5, 0.5)",15,0.07080685721389221,0.84,113
[4],0.01,0.0,0.0,0.0,0.9000000000000001,sigmoid,sgd,0.0,4,gaussian,"(-0.1, 0.1)",15,0.09090144961359538,0.72,114
[3],0.01,0.0,0.0,0.1,0.8,sigmoid,sgd,0.0,4,gaussian,"(-0.5, 0.5)",15,0.12902982147159475,0.4,119
[4],0.01,0.0,0.0,0.1,0.7,sigmoid,sgd,0.0,4,gaussian,"(-0.1, 0.1)",15,0.12368816985358906,0.52,121
[3],0.16,0.0,0.0,0.15000000000000002,0.9000000000000001,sigmoid,sgd,0.0,8,gaussian,"(-0.5, 0.5)",15,0.02475106227093645,0.92,122
[3],0.01,0.0,0.0,0.0,0.75,sigmoid,sgd,0.0,8,gaussian,"(-0.5, 0.5)",15,0.1275185969206167,0.4,123
[3],0.16,0.0,0.0,0.2,0.75,sigmoid,sgd,0.0,8,gaussian,"(-0.5, 0.5)",15,0.07559669483888333,0.84,126
[3],0.16,0.0,0.0,0.0,0.75,sigmoid,sgd,0.0,4,gaussian,"(-0.1, 0.1)",15,0.051554040133090895,0.88,129
[4],0.01,0.0,0.0,0.2,0.75,sigmoid,sgd,0.0,8,gaussian,"(-0.1, 0.1)",15,0.12752164877069702,0.4,130
[4],0.01,0.0,0.0,0.15000000000000002,0.8,sigmoid,sgd,0.0,4,gaussian,"(-0.5, 0.5)",15,0.12100359672157378,0.6,131
[3],0.16,0.0,0.0,0.1,0.8,sigmoid,sgd,0.0,8,gaussian,"(-0.5, 0.5)",15,0.06688718496424982,0.84,132
[3],0.16,0.0,0.0,0.1,0.9000000000000001,sigmoid,sgd,0.0,8,gaussian,"(-0.1, 0.1)",15,0.013067468545868566,1.0,135
[3],0.01,0.0,0.0,0.1,0.8500000000000001,sigmoid,sgd,0.0,8,gaussian,"(-0.1, 0.1)",15,0.12895862566408242,0.4,137
[3],0.16,0.0,0.0,0.1,0.8,sigmoid,sgd,0.0,2,gaussian,"(-0.5, 0.5)",15,0.061752931703991404,0.84,140
[4],0.16,0.0,0.0,0.15000000000000002,0.8,sigmoid,sgd,0.0,2,gaussian,"(-0.5, 0.5)",15,0.02548333403899565,0.92,141
[4],0.01,0.0,0.0,0.0,0.75,sigmoid,sgd,0.0,2,gaussian,"(-0.5, 0.5)",15,0.09536334518472148,0.72,142
[3],0.16,0.0,0.0,0.0,0.7,sigmoid,sgd,0.0,2,gaussian,"(-0.1, 0.1)",15,0.005043095682128332,1.0,143
[3],0.01,0.0,0.0,0.2,0.75,sigmoid,sgd,0.0,2,gaussian,"(-0.5, 0.5)",15,0.12090711005696896,0.64,147
[3],0.16,0.0,0.0,0.25,0.7,sigmoid,sgd,0.0,8,gaussian,"(-0.5, 0.5)",15,0.07784857234202247,0.84,148
[3],0.01,0.0,0.0,0.15000000000000002,0.8500000000000001,sigmoid,sgd,0.0,4,gaussian,"(-0.5, 0.5)",15,0.1290122353762734,0.56,152
[4],0.16,0.0,0.0,0.05,0.8,sigmoid,sgd,0.0,2,gaussian,"(-0.1, 0.1)",15,0.009095450315817476,1.0,156
[4],0.16,0.0,0.0,0.15000000000000002,0.9000000000000001,sigmoid,sgd,0.0,2,gaussian,"(-0.1, 0.1)",15,0.06973117024925081,0.8,159
[4],0.16,0.0,0.0,0.2,0.8500000000000001,sigmoid,sgd,0.0,4,gaussian,"(-0.5, 0.5)",15,0.01359104204361023,1.0,163
[3],0.16,0.0,0.0,0.1,0.8500000000000001,sigmoid,sgd,0.0,4,gaussian,"(-0.5, 0.5)",15,0.06375582321841076,0.8,164
[4],0.01,0.0,0.0,0.2,0.7,sigmoid,sgd,0.0,4,gaussian,"(-0.5, 0.5)",15,0.12887637838163388,0.48,165
[3],0.16,0.0,0.0,0.2,0.8,sigmoid,sgd,0.0,4,gaussian,"(-0.1, 0.1)",15,0.0680232275524859,0.8,166
[4],0.01,0.0,0.0,0.05,0.75,sigmoid,sgd,0.0,8,gaussian,"(-0.5, 0.5)",15,0.12862488397863678,0.36,168
[4],0.16,0.0,0.0,0.25,0.9000000000000001,sigmoid,sgd,0.0,2,gaussian,"(-0.5, 0.5)",15,0.02920358620702706,0.96,171
[3],0.16,0.0,0.0,0.1,0.7,sigmoid,sgd,0.0,8,gaussian,"(-0.5, 0.5)",15,0.07435203742243375,0.84,172
[3],0.01,0.0,0.0,0.1,0.8500000000000001,sigmoid,sgd,0.0,8,gaussian,"(-0.5, 0.5)",15,0.12806123589533397,0.4,174
[4],0.16,0.0,0.0,0.25,0.75,sigmoid,sgd,0.0,4,gaussian,"(-0.1, 0.1)",15,0.05971796361745746,0.84,175
[4],0.16,0.0,0.0,0.1,0.7,sigmoid,sgd,0.0,8,gaussian,"(-0.5, 0.5)",15,0.0745415563847671,0.8,177
[3],0.16,0.0,0.0,0.0,0.8500000000000001,sigmoid,sgd,0.0,2,gaussian,"(-0.1, 0.1)",15,0.00458370994665194,1.0,178
[3],0.16,0.0,0.0,0.15000000000000002,0.9000000000000001,sigmoid,sgd,0.0,4,gaussian,"(-0.5, 0.5)",15,0.012350248923470006,1.0,182
[3],0.01,0.0,0.0,0.15000000000000002,0.9000000000000001,sigmoid,sgd,0.0,2,gaussian,"(-0.1, 0.1)",15,0.08837457706204091,0.72,183
[4],0.16,0.0,0.0,0.25,0.8500000000000001,sigmoid,sgd,0.0,4,gaussian,"(-0.5, 0.5)",15,0.02146815018699563,1.0,184
[3],0.16,0.0,0.0,0.05,0.9000000000000001,sigmoid,sgd,0.0,4,gaussian,"(-0.1, 0.1)",15,0.01887824536461385,1.0,185
[3],0.01,0.0,0.0,0.15000000000000002,0.8,sigmoid,sgd,0.0,2,gaussian,"(-0.5, 0.5)",15,0.11274110691294803,0.68,192
[4],0.16,0.0,0.0,0.15000000000000002,0.7,sigmoid,sgd,0.0,4,gaussian,"(-0.1, 0.1)",15,0.01936528352829011,1.0,193
[4],0.01,0.0,0.0,0.2,0.7,sigmoid,sgd,0.0,8,gaussian,"(-0.5, 0.5)",15,0.12865466968037606,0.36,194
[3],0.16,0.0,0.0,0.25,0.7,sigmoid,sgd,0.0,2,gaussian,"(-0.5, 0.5)",15,0.06879303765326672,0.8,195
[3],0.01,0.0,0.0,0.05,0.75,sigmoid,sgd,0.0,4,gaussian,"(-0.5, 0.5)",15,0.12841558589009017,0.4,198
[3],0.16,0.0,0.0,0.1,0.9000000000000001,sigmoid,sgd,0.0,8,gaussian,"(-0.5, 0.5)",15,0.06396722028791882,0.8,200
[3],0.16,0.0,0.0,0.05,0.9000000000000001,sigmoid,sgd,0.0,8,gaussian,"(-0.5, 0.5)",15,0.02920228645211304,0.96,2
[3],0.16,0.0,0.0,0.15000000000000002,0.8500000000000001,sigmoid,sgd,0.0,2,gaussian,"(-0.1, 0.1)",15,0.01653068495364773,0.96,6
[3],0.01,0.0,0.0,0.1,0.8500000000000001,sigmoid,sgd,0.0,2,gaussian,"(-0.5, 0.5)",15,0.09764813140812686,0.8,8
[4],0.16,0.0,0.0,0.0,0.8500000000000001,sigmoid,sgd,0.0,4,gaussian,"(-0.1, 0.1)",15,0.003192600337526538,1.0,9
[4],0.16,0.0,0.0,0.15000000000000002,0.9000000000000001,sigmoid,sgd,0.0,8,gaussian,"(-0.1, 0.1)",15,0.00989994984931807,1.0,10
[4],0.16,0.0,0.0,0.0,0.75,sigmoid,sgd,0.0,2,gaussian,"(-0.5, 0.5)",15,0.008309392091500216,1.0,12
[3],0.01,0.0,0.0,0.05,0.75,sigmoid,sgd,0.0,2,gaussian,"(-0.1, 0.1)",15,0.10522248889406229,0.8,14
[3],0.16,0.0,0.0,0.1,0.8,sigmoid,sgd,0.0,4,gaussian,"(-0.1, 0.1)",15,0.05299788482760353,0.88,15
[4],0.16,0.0,0.0,0.0,0.7,sigmoid,sgd,0.0,2,gaussian,"(-0.1, 0.1)",15,0.004082466499258272,1.0,17
[4],0.01,0.0,0.0,0.05,0.8500000000000001,sigmoid,sgd,0.0,4,gaussian,"(-0.5, 0.5)",15,0.10725799260471555,0.56,19
[3],0.01,0.0,0.0,0.2,0.8500000000000001,sigmoid,sgd,0.0,4,gaussian,"(-0.1, 0.1)",15,0.11247953740811006,0.8,20
[3],0.16,0.0,0.0,0.2,0.9000000000000001,sigmoid,sgd,0.0,8,gaussian,"(-0.5, 0.5)",15,0.04476810134189441,0.92,23
[4],0.16,0.0,0.0,0.0,0.7,sigmoid,sgd,0.0,4,gaussian,"(-0.1, 0.1)",15,0.013566393194971146,0.96,26
[4],0.01,0.0,0.0,0.05,0.8500000000000001,sigmoid,sgd,0.0,2,gaussian,"(-0.1, 0.1)",15,0.06827248889933694,0.8,28
[3],0.16,0.0,0.0,0.0,0.9000000000000001,sigmoid,sgd,0.0,2,gaussian,"(-0.1, 0.1)",15,0.006290099508441103,1.0,31
[4],0.16,0.0,0.0,0.1,0.8,sigmoid,sgd,0.0,8,gaussian,"(-0.1, 0.1)",15,0.04053032329061385,0.88,32
[4],0.01,0.0,0.0,0.05,0.7,sigmoid,sgd,0.0,8,gaussian,"(-0.5, 0.5)",15,0.12712401739925358,0.36,36
[4],0.01,0.0,0.0,0.15000000000000002,0.8,sigmoid,sgd,0.0,2,gaussian,"(-0.5, 0.5)",15,0.08962759614662053,0.72,41
[3],0.16,0.0,0.0,0.2,0.9000000000000001,sigmoid,sgd,0.0,4,gaussian,"(-0.1, 0.1)",15,0.045957956840264845,0.92,43
[3],0.16,0.0,0.0,0.2,0.75,sigmoid,sgd,0.0,4,gaussian,"(-0.1, 0.1)",15,0.06045533090851417,0.88,44
[3],0.01,0.0,0.0,0.15000000000000002,0.8,sigmoid,sgd,0.0,2,gaussian,"(-0.1, 0.1)",15,0.08803136953204298,0.76,45
[3],0.16,0.0,0.0,0.15000000000000002,0.9000000000000001,sigmoid,sgd,0.0,4,gaussian,"(-0.1, 0.1)",15,0.02665376013707795,0.92,49
[3],0.01,0.0,0.0,0.05,0.8,sigmoid,sgd,0.0,4,gaussian,"(-0.5, 0.5)",15,0.12486861912363166,0.4,56
[4],0.16,0.0,0.0,0.2,0.8,sigmoid,sgd,0.0,2,gaussian,"(-0.5, 0.5)",15,0.06085274837684662,0.72,63
[4],0.16,0.0,0.0,0.1,0.75,sigmoid,sgd,0.0,2,gaussian,"(-0.1, 0.1)",15,0.02666790446808192,0.96,65
[3],0.01,0.0,0.0,0.05,0.8,sigmoid,sgd,0.0,8,gaussian,"(-0.1, 0.1)",15,0.12862921558414464,0.4,68
[4],0.01,0.0,0.0,0.1,0.8,sigmoid,sgd,0.0,2,gaussian,"(-0.1, 0.1)",15,0.07608190310930979,0.76,70
[4],0.16,0.0,0.0,0.1,0.9000000000000001,sigmoid,sgd,0.0,2,gaussian,"(-0.1, 0.1)",15,0.005237540874626416,1.0,71
[3],0.16,0.0,0.0,0.05,0.9000000000000001,sigmoid,sgd,0.0,2,gaussian,"(-0.5, 0.5)",15,0.024249361061701582,0.96,72
[3],0.01,0.0,0.0,0.05,0.8500000000000001,sigmoid,sgd,0.0,4,gaussian,"(-0.5, 0.5)",15,0.12286654347978486,0.4,74
[4],0.01,0.0,0.0,0.05,0.7,sigmoid,sgd,0.0,4,gaussian,"(-0.5, 0.5)",15,0.12435470448115625,0.56,75
[4],0.01,0.0,0.0,0.1,0.9000000000000001,sigmoid,sgd,0.0,8,gaussian,"(-0.1, 0.1)",15,0.10471920058758569,0.76,84
[3],0.16,0.0,0.0,0.2,0.7,sigmoid,sgd,0.0,2,gaussian,"(-0.5, 0.5)",15,0.041734308380222164,0.96,86
[3],0.01,0.0,0.0,0.2,0.8,sigmoid,sgd,0.0,8,gaussian,"(-0.5, 0.5)",15,0.1265824475298884,0.4,92
[3],0.16,0.0,0.0,0.15000000000000002,0.7,sigmoid,sgd,0.0,2,gaussian,"(-0.5, 0.5)",15,0.036349566547108726,0.96,100
[4],0.01,0.0,0.0,0.25,0.8,sigmoid,sgd,0.0,4,gaussian,"(-0.1, 0.1)",15,0.1036978110302373,0.76,103
[3],0.01,0.0,0.0,0.2,0.7,sigmoid,sgd,0.0,2,gaussian,"(-0.5, 0.5)",15,0.1211408932037325,0.52,104
[3],0.01,0.0,0.0,0.25,0.75,sigmoid,sgd,0.0,2,gaussian,"(-0.5, 0.5)",15,0.11743794580516312,0.68,108
[4],0.16,0.0,0.0,0.05,0.75,sigmoid,sgd,0.0,4,gaussian,"(-0.1, 0.1)",15,0.03410923975409031,0.92,109
[4],0.16,0.0,0.0,0.0,0.8,sigmoid,sgd,0.0,4,gaussian,"(-0.1, 0.1)",15,0.0032571985726949208,1.0,110
[4],0.01,0.0,0.0,0.25,0.8500000000000001,sigmoid,sgd,0.0,4,gaussian,"(-0.1, 0.1)",15,0.09151842415464079,0.8,115
[3],0.01,0.0,0.0,0.15000000000000002,0.75,sigmoid,sgd,0.0,8,gaussian,"(-0.1, 0.1)",15,0.12821338470206867,0.4,117
[3],0.16,0.0,0.0,0.05,0.8,sigmoid,sgd,0.0,4,gaussian,"(-0.1, 0.1)",15,0.020065562209570693,1.0,118
[3],0.16,0.0,0.0,0.2,0.8500000000000001,sigmoid,sgd,0.0,2,gaussian,"(-0.1, 0.1)",15,0.0678882744691523,0.72,119
[3],0.01,0.0,0.0,0.05,0.9000000000000001,sigmoid,sgd,0.0,4,gaussian,"(-0.5, 0.5)",15,0.1160988840019504,0.68,123
[4],0.16,0.0,0.0,0.1,0.75,sigmoid,sgd,0.0,4,gaussian,"(-0.1, 0.1)",15,0.01202461915606979,1.0,124
[4],0.16,0.0,0.0,0.25,0.75,sigmoid,sgd,0.0,4,gaussian,"(-0.5, 0.5)",15,0.07204471943574935,0.76,125
[3],0.01,0.0,0.0,0.25,0.8,sigmoid,sgd,0.0,2,gaussian,"(-0.5, 0.5)",15,0.10990584434540523,0.76,126
[3],0.01,0.0,0.0,0.25,0.7,sigmoid,sgd,0.0,4,gaussian,"(-0.1, 0.1)",15,0.12649536551388896,0.4,129
[4],0.01,0.0,0.0,0.1,0.9000000000000001,sigmoid,sgd,0.0,2,gaussian,"(-0.1, 0.1)",15,0.06681312556153096,0.84,135
[3],0.16,0.0,0.0,0.15000000000000002,0.75,sigmoid,sgd,0.0,8,gaussian,"(-0.1, 0.1)",15,0.06829992077887191,0.84,140
[4],0.16,0.0,0.0,0.0,0.7,sigmoid,sgd,0.0,2,gaussian,"(-0.5, 0.5)",15,0.009380422910037777,1.0,142
[3],0.01,0.0,0.0,0.15000000000000002,0.8500000000000001,sigmoid,sgd,0.0,2,gaussian,"(-0.5, 0.5)",15,0.09784457004314855,0.8,143
[3],0.16,0.0,0.0,0.2,0.9000000000000001,sigmoid,sgd,0.0,2,gaussian,"(-0.1, 0.1)",15,0.01707857004451072,1.0,144
[4],0.01,0.0,0.0,0.05,0.9000000000000001,sigmoid,sgd,0.0,2,gaussian,"(-0.5, 0.5)",15,0.07341818752806711,0.84,148
[4],0.01,0.0,0.0,0.15000000000000002,0.8500000000000001,sigmoid,sgd,0.0,2,gaussian,"(-0.1, 0.1)",15,0.07332898141252148,0.76,149
[3],0.16,0.0,0.0,0.05,0.8500000000000001,sigmoid,sgd,0.0,2,gaussian,"(-0.5, 0.5)",15,0.02425591973890935,0.96,152
[4],0.01,0.0,0.0,0.0,0.75,sigmoid,sgd,0.0,4,gaussian,"(-0.5, 0.5)",15,0.12200680326718087,0.6,153
[3],0.16,0.0,0.0,0.25,0.9000000000000001,sigmoid,sgd,0.0,2,gaussian,"(-0.1, 0.1)",15,0.05774521580324392,0.76,157
[4],0.01,0.0,0.0,0.15000000000000002,0.8500000000000001,sigmoid,sgd,0.0,8,gaussian,"(-0.1, 0.1)",15,0.12284350537584889,0.6,159
[4],0.16,0.0,0.0,0.15000000000000002,0.8,sigmoid,sgd,0.0,4,gaussian,"(-0.5, 0.5)",15,0.05263109369206395,0.88,160
[3],0.01,0.0,0.0,0.25,0.8,sigmoid,sgd,0.0,4,gaussian,"(-0.1, 0.1)",15,0.12176750582437361,0.6,163
[4],0.01,0.0,0.0,0.15000000000000002,0.8500000000000001,sigmoid,sgd,0.0,4,gaussian,"(-0.1, 0.1)",15,0.09302961484567657,0.76,164
[3],0.16,0.0,0.0,0.0,0.75,sigmoid,sgd,0.0,8,gaussian,"(-0.5, 0.5)",15,0.03863115008355029,0.88,165
[3],0.01,0.0,0.0,0.05,0.8,sigmoid,sgd,0.0,8,gaussian,"(-0.5, 0.5)",15,0.12662139846231224,0.4,167
[4],0.16,0.0,0.0,0.1,0.8500000000000001,sigmoid,sgd,0.0,2,gaussian,"(-0.1, 0.1)",15,0.007557164469479999,1.0,168
[4],0.01,0.0,0.0,0.25,0.8500000000000001,sigmoid,sgd,0.0,8,gaussian,"(-0.1, 0.1)",15,0.12009845154443816,0.72,169
[3],0.01,0.0,0.0,0.15000000000000002,0.7,sigmoid,sgd,0.0,8,gaussian,"(-0.1, 0.1)",15,0.1281464374007771,0.4,170
[3],0.01,0.0,0.0,0.0,0.8,sigmoid,sgd,0.0,4,gaussian,"(-0.5, 0.5)",15,0.12485715650813921,0.4,173
[4],0.16,0.0,0.0,0.1,0.8,sigmoid,sgd,0.0,4,gaussian,"(-0.5, 0.5)",15,0.04717554582877888,0.88,174
[3],0.16,0.0,0.0,0.05,0.9000000000000001,sigmoid,sgd,0.0,2,gaussian,"(-0.1, 0.1)",15,0.00862490344990737,1.0,175
[3],0.16,0.0,0.0,0.25,0.75,sigmoid,sgd,0.0,4,gaussian,"(-0.1, 0.1)",15,0.05602583008287965,0.88,178
[4],0.16,0.0,0.0,0.1,0.75,sigmoid,sgd,0.0,2,gaussian,"(-0.5, 0.5)",15,0.00788670211943728,1.0,180
[4],0.01,0.0,0.0,0.2,0.8500000000000001,sigmoid,sgd,0.0,2,gaussian,"(-0.1, 0.1)",15,0.07270353859162464,0.76,184
[4],0.01,0.0,0.0,0.1,0.8,sigmoid,sgd,0.0,8,gaussian,"(-0.1, 0.1)",15,0.125946073031913,0.4,189
[3],0.01,0.0,0.0,0.2,0.8,sigmoid,sgd,0.0,2,gaussian,"(-0.5, 0.5)",15,0.1094440007723651,0.72,190
[4],0.16,0.0,0.0,0.2,0.75,sigmoid,sgd,0.0,2,gaussian,"(-0.5, 0.5)",15,0.012266085408697038,1.0,193
[4],0.16,0.0,0.0,0.25,0.7,sigmoid,sgd,0.0,4,gaussian,"(-0.5, 0.5)",15,0.059764854338725734,0.84,194
[3],0.01,0.0,0.0,0.2,0.8500000000000001,sigmoid,sgd,0.0,2,gaussian,"(-0.5, 0.5)",15,0.09865408948708917,0.8,195
[4],0.16,0.0,0.0,0.05,0.7,sigmoid,sgd,0.0,4,gaussian,"(-0.5, 0.5)",15,0.03631625901818914,0.92,198
[3],0.01,0.0,0.0,0.15000000000000002,0.9000000000000001,sigmoid,sgd,0.0,8,gaussian,"(-0.5, 0.5)",15,0.12205317243280371,0.6666666666666666,4
[3],0.16,0.0,0.0,0.05,0.75,sigmoid,sgd,0.0,4,gaussian,"(-0.1, 0.1)",15,0.034929931173231475,0.9166666666666666,19
[3],0.01,0.0,0.0,0.0,0.8500000000000001,sigmoid,sgd,0.0,2,gaussian,"(-0.5, 0.5)",15,0.09363230340628663,0.7083333333333334,20
[4],0.01,0.0,0.0,0.05,0.8,sigmoid,sgd,0.0,4,gaussian,"(-0.1, 0.1)",15,0.09535684590589032,0.7083333333333334,22
[4],0.01,0.0,0.0,0.0,0.7,sigmoid,sgd,0.0,8,gaussian,"(-0.5, 0.5)",15,0.12389656985749879,0.5,28
[3],0.16,0.0,0.0,0.15000000000000002,0.75,sigmoid,sgd,0.0,4,gaussian,"(-0.5, 0.5)",15,0.027556003707770876,0.9166666666666666,29
[4],0.01,0.0,0.0,0.0,0.8500000000000001,sigmoid,sgd,0.0,8,gaussian,"(-0.5, 0.5)",15,0.11880037550524204,0.7083333333333334,31
[3],0.16,0.0,0.0,0.05,0.7,sigmoid,sgd,0.0,2,gaussian,"(-0.5, 0.5)",15,0.03320706589601868,0.8333333333333334,34
[3],0.01,0.0,0.0,0.15000000000000002,0.8,sigmoid,sgd,0.0,8,gaussian,"(-0.5, 0.5)",15,0.12433178108121241,0.5833333333333334,35
[3],0.16,0.0,0.0,0.1,0.75,sigmoid,sgd,0.0,4,gaussian,"(-0.5, 0.5)",15,0.04664598391201066,0.875,37
[3],0.16,0.0,0.0,0.0,0.75,sigmoid,sgd,0.0,8,gaussian,"(-0.1, 0.1)",15,0.07092809440231945,0.7083333333333334,39
[4],0.01,0.0,0.0,0.05,0.9000000000000001,sigmoid,sgd,0.0,2,gaussian,"(-0.1, 0.1)",15,0.10271630400182198,0.7083333333333334,40
[4],0.01,0.0,0.0,0.05,0.7,sigmoid,sgd,0.0,2,gaussian,"(-0.5, 0.5)",15,0.09039112890629404,0.7083333333333334,41
[4],0.01,0.0,0.0,0.2,0.8,sigmoid,sgd,0.0,8,gaussian,"(-0.5, 0.5)",15,0.12237340309259703,0.5833333333333334,44
[3],0.16,0.0,0.0,0.1,0.75,sigmoid,sgd,0.0,8,gaussian,"(-0.1, 0.1)",15,0.09833368850758013,0.7083333333333334,46
[4],0.01,0.0,0.0,0.15000000000000002,0.7,sigmoid,sgd,0.0,2,gaussian,"(-0.5, 0.5)",15,0.09259291734675883,0.7083333333333334,50
[4],0.16,0.0,0.0,0.1,0.8500000000000001,sigmoid,sgd,0.0,4,gaussian,"(-0.5, 0.5)",15,0.007200964415488159,1.0,51
[3],0.01,0.0,0.0,0.0,0.75,sigmoid,sgd,0.0,2,gaussian,"(-0.5, 0.5)",15,0.10878556748484909,0.6666666666666666,53
[3],0.16,0.0,0.0,0.25,0.8500000000000001,sigmoid,sgd,0.0,4,gaussian,"(-0.1, 0.1)",15,0.06044037469225117,0.7916666666666666,55
[3],0.16,0.0,0.0,0.1,0.7,sigmoid,sgd,0.0,4,gaussian,"(-0.1, 0.1)",15,0.04634751302673432,0.8333333333333334,56
[3],0.01,0.0,0.0,0.1,0.8500000000000001,sigmoid,sgd,0.0,2,gaussian,"(-0.1, 0.1)",15,0.09838559516173502,0.7083333333333334,59
[3],0.16,0.0,0.0,0.05,0.8,sigmoid,sgd,0.0,2,gaussian,"(-0.5, 0.5)",15,0.03460828824933562,0.875,60
[3],0.16,0.0,0.0,0.15000000000000002,0.8500000000000001,sigmoid,sgd,0.0,2,gaussian,"(-0.5, 0.5)",15,0.012116416839077632,1.0,64
[4],0.16,0.0,0.0,0.25,0.7,sigmoid,sgd,0.0,2,gaussian,"(-0.1, 0.1)",15,0.03519808538863824,0.8333333333333334,65
[4],0.16,0.0,0.0,0.2,0.8,sigmoid,sgd,0.0,4,gaussian,"(-0.5, 0.5)",15,0.03843111851951537,0.8333333333333334,69
[4],0.01,0.0,0.0,0.1,0.9000000000000001,sigmoid,sgd,0.0,4,gaussian,"(-0.1, 0.1)",15,0.09379104833332208,0.7083333333333334,70
[3],0.16,0.0,0.0,0.15000000000000002,0.8,sigmoid,sgd,0.0,2,gaussian,"(-0.1, 0.1)",15,0.031718254535590185,0.9166666666666666,74
[4],0.16,0.0,0.0,0.15000000000000002,0.8500000000000001,sigmoid,sgd,0.0,4,gaussian,"(-0.1, 0.1)",15,0.04213580071737205,0.8333333333333334,80
[3],0.01,0.0,0.0,0.25,0.9000000000000001,sigmoid,sgd,0.0,2,gaussian,"(-0.5, 0.5)",15,0.09245522989572248,0.75,83
[4],0.01,0.0,0.0,0.15000000000000002,0.9000000000000001,sigmoid,sgd,0.0,8,gaussian,"(-0.1, 0.1)",15,0.09877030914961843,0.7083333333333334,84
[3],0.01,0.0,0.0,0.0,0.8500000000000001,sigmoid,sgd,0.0,4,gaussian,"(-0.5, 0.5)",15,0.11773418782368317,0.6666666666666666,85
[3],0.16,0.0,0.0,0.05,0.7,sigmoid,sgd,0.0,4,gaussian,"(-0.1, 0.1)",15,0.06436475688613309,0.75,99
[3],0.16,0.0,0.0,0.0,0.9000000000000001,sigmoid,sgd,0.0,8,gaussian,"(-0.5, 0.5)",15,0.007162822775218704,1.0,100
[3],0.16,0.0,0.0,0.2,0.8,sigmoid,sgd,0.0,4,gaussian,"(-0.5, 0.5)",15,0.015443401676856492,1.0,117
[3],0.16,0.0,0.0,0.2,0.7,sigmoid,sgd,0.0,2,gaussian,"(-0.1, 0.1)",15,0.03508102856422936,0.9166666666666666,121
[3],0.01,0.0,0.0,0.05,0.9000000000000001,sigmoid,sgd,0.0,4,gaussian,"(-0.1, 0.1)",15,0.09217407627351115,0.7083333333333334,125
[4],0.01,0.0,0.0,0.2,0.8500000000000001,sigmoid,sgd,0.0,2,gaussian,"(-0.5, 0.5)",15,0.09459053525385282,0.7083333333333334,129
[3],0.16,0.0,0.0,0.15000000000000002,0.8,sigmoid,sgd,0.0,4,gaussian,"(-0.1, 0.1)",15,0.08680965726630287,0.7083333333333334,134
[4],0.16,0.0,0.0,0.15000000000000002,0.75,sigmoid,sgd,0.0,8,gaussian,"(-0.1, 0.1)",15,0.09080053941599019,0.7083333333333334,136
[3],0.01,0.0,0.0,0.2,0.9000000000000001,sigmoid,sgd,0.0,4,gaussian,"(-0.5, 0.5)",15,0.10837298689228773,0.6666666666666666,137
[3],0.16,0.0,0.0,0.2,0.8500000000000001,sigmoid,sgd,0.0,8,gaussian,"(-0.5, 0.5)",15,0.04436165455122529,0.875,138
[4],0.01,0.0,0.0,0.25,0.8500000000000001,sigmoid,sgd,0.0,2,gaussian,"(-0.1, 0.1)",15,0.09420425131054239,0.7083333333333334,142
[3],0.16,0.0,0.0,0.15000000000000002,0.75,sigmoid,sgd,0.0,2,gaussian,"(-0.1, 0.1)",15,0.030699046427554333,0.9166666666666666,148
[3],0.01,0.0,0.0,0.0,0.7,sigmoid,sgd,0.0,2,gaussian,"(-0.5, 0.5)",15,0.11588107182084434,0.7083333333333334,151
[4],0.01,0.0,0.0,0.25,0.7,sigmoid,sgd,0.0,2,gaussian,"(-0.5, 0.5)",15,0.09429869485324077,0.7083333333333334,157
[4],0.01,0.0,0.0,0.0,0.8500000000000001,sigmoid,sgd,0.0,2,gaussian,"(-0.5, 0.5)",15,0.10103430104571876,0.7083333333333334,158
[3],0.01,0.0,0.0,0.15000000000000002,0.8500000000000001,sigmoid,sgd,0.0,2,gaussian,"(-0.1, 0.1)",15,0.0961767632691121,0.7083333333333334,161
[4],0.16,0.0,0.0,0.25,0.8,sigmoid,sgd,0.0,8,gaussian,"(-0.5, 0.5)",15,0.09868690289790855,0.7083333333333334,162
[3],0.16,0.0,0.0,0.0,0.7,sigmoid,sgd,0.0,4,gaussian,"(-0.1, 0.1)",15,0.04010697360664087,0.9166666666666666,164
[4],0.16,0.0,0.0,0.1,0.9000000000000001,sigmoid,sgd,0.0,4,gaussian,"(-0.5, 0.5)",15,0.006136776659158787,1.0,166
[3],0.01,0.0,0.0,0.2,0.75,sigmoid,sgd,0.0,2,gaussian,"(-0.1, 0.1)",15,0.09017642274491455,0.7083333333333334,168
[4],0.16,0.0,0.0,0.0,0.8,sigmoid,sgd,0.0,8,gaussian,"(-0.5, 0.5)",15,0.08315586489052108,0.75,173
[4],0.01,0.0,0.0,0.2,0.8,sigmoid,sgd,0.0,8,gaussian,"(-0.1, 0.1)",15,0.12238271736988736,0.5416666666666666,176
[4],0.16,0.0,0.0,0.2,0.7,sigmoid,sgd,0.0,8,gaussian,"(-0.1, 0.1)",15,0.09960781805525531,0.7083333333333334,179
[4],0.01,0.0,0.0,0.0,0.9000000000000001,sigmoid,sgd,0.0,8,gaussian,"(-0.1, 0.1)",15,0.09396327693633118,0.7083333333333334,183
[3],0.01,0.0,0.0,0.1,0.9000000000000001,sigmoid,sgd,0.0,2,gaussian,"(-0.1, 0.1)",15,0.10199979749634619,0.7083333333333334,189
[3],0.16,0.0,0.0,0.15000000000000002,0.8,sigmoid,sgd,0.0,8,gaussian,"(-0.1, 0.1)",15,0.07819231309524405,0.75,198
