n_hidden,learning_rate,reg_lambda,l1_lambda,dropout_rate,momentum,activation,optimizer,lr_decay,batch_size,weight_init,init_range,patience,val_loss,val_accuracy
[4],0.10999999999999997,0.0,0.002,0.0,0.5,sigmoid,adam,0.0,16,range,"(-0.7, 0.7)",20,0.005270263264206371,1.0
[5],0.06999999999999999,0.0,0.004,0.0,0.30000000000000004,tanh,adam,0.02,32,range,"(-0.1, 0.1)",30,0.007458819174479112,1.0
[4],0.10999999999999997,0.0,0.0,0.05,0.2,sigmoid,adam,0.0,32,glorot,"(-0.7, 0.7)",15,0.000843107739719294,1.0
[5],0.18999999999999997,0.0,0.002,0.15000000000000002,0.8,sigmoid,adam,0.03,8,gaussian,"(-0.5, 0.5)",30,0.011431632556645751,1.0
[6],0.06999999999999999,0.002,0.0,0.2,0.6000000000000001,tanh,adam,0.0,32,xavier,"(-0.7, 0.7)",30,0.016588639292554434,1.0
[4],0.10999999999999997,0.0,0.0,0.05,0.2,sigmoid,adam,0.0,32,glorot,"(-0.7, 0.7)",10,0.000843107739719294,1.0
[4],0.10999999999999997,0.0,0.002,0.0,0.6000000000000001,tanh,adam,0.0,16,range,"(-0.7, 0.7)",30,0.004823023370572963,1.0
[5],0.06999999999999999,0.0,0.004,0.0,0.30000000000000004,tanh,adam,0.02,32,range,"(-0.1, 0.1)",35,0.007458819174479112,1.0
[4],0.10999999999999997,0.0,0.0,0.05,0.2,sigmoid,adam,0.0,32,glorot,"(-0.7, 0.7)",35,0.000843107739719294,1.0
[5],0.18999999999999997,0.0,0.002,0.15000000000000002,0.8,sigmoid,adam,0.03,8,gaussian,"(-0.5, 0.5)",35,0.011431632556645751,1.0
[6],0.06999999999999999,0.002,0.0,0.2,0.6000000000000001,tanh,adam,0.0,32,xavier,"(-0.7, 0.7)",35,0.016588639292554434,1.0
[4],0.08999999999999998,0.0,0.0,0.1,0.2,tanh,adam,0.04,32,glorot,"(-0.7, 0.7)",35,0.012890999014288095,1.0
[4],0.06999999999999999,0.0,0.0,0.0,0.1,tanh,adam,0.0,64,glorot,"(-0.1, 0.1)",35,0.0002645355821724867,1.0
[6],0.18999999999999997,0.0,0.0,0.25,0.6000000000000001,tanh,adam,0.04,64,gaussian,"(-0.7, 0.7)",35,0.0011354146427449657,1.0
[6],0.08999999999999998,0.0,0.0,0.1,0.1,tanh,adam,0.01,64,he,"(-0.7, 0.7)",30,0.07896867150644923,0.7647058823529411
[6],0.16999999999999998,0.0,0.0,0.05,0.2,sigmoid,adam,0.0,64,glorot,"(-0.5, 0.5)",20,0.002473378327917125,1.0
[4],0.16,0.0,0.0,0.0,0.8,sigmoid,sgd,0.0,2,gaussian,"(-0.1, 0.1)",15,0.00013397133181791286,1.0
[4],0.16,0.0,0.0,0.0,0.75,sigmoid,sgd,0.0,2,gaussian,"(-0.1, 0.1)",15,0.00020765456415585215,1.0
[4],0.16,0.0,0.0,0.05,0.8,sigmoid,sgd,0.0,2,gaussian,"(-0.1, 0.1)",15,0.0007648615575266194,1.0
[4],0.16,0.0,0.0,0.05,0.75,sigmoid,sgd,0.0,2,gaussian,"(-0.1, 0.1)",15,0.0018161994763685174,1.0
[4],0.16,0.0,0.0,0.1,0.8,sigmoid,sgd,0.0,2,gaussian,"(-0.1, 0.1)",15,0.0012392420593260246,1.0
[4],0.16,0.0,0.0,0.1,0.75,sigmoid,sgd,0.0,2,gaussian,"(-0.1, 0.1)",15,0.0013771916151068878,1.0
[4],0.16,0.0,0.0,0.0,0.7,sigmoid,sgd,0.0,2,gaussian,"(-0.1, 0.1)",15,0.0025294502678417487,1.0
[4],0.16,0.0,0.0,0.0,0.9000000000000001,sigmoid,sgd,0.0,2,gaussian,"(-0.1, 0.1)",15,0.00220218806816104,1.0
[4],0.16,0.0,0.0,0.05,0.7,sigmoid,sgd,0.0,2,gaussian,"(-0.1, 0.1)",15,0.0026949868735821497,1.0
[4],0.16,0.0,0.0,0.05,0.9000000000000001,sigmoid,sgd,0.0,2,gaussian,"(-0.1, 0.1)",15,0.0021875478027479412,1.0
[4],0.16,0.0,0.0,0.1,0.7,sigmoid,sgd,0.0,2,gaussian,"(-0.1, 0.1)",15,0.003245058981781973,1.0
[4],0.16,0.0,0.0,0.1,0.9000000000000001,sigmoid,sgd,0.0,2,gaussian,"(-0.1, 0.1)",15,0.004397330295562429,1.0
[4],0.16,0.0,0.0,0.0,0.8500000000000001,sigmoid,adam,0.0,8,gaussian,"(-0.1, 0.1)",15,4.8178537405617144e-05,1.0
[4],0.16,0.0,0.0,0.0,0.8,tanh,adam,0.0,8,gaussian,"(-0.1, 0.1)",15,1.8591944375004865e-05,1.0
[4],0.16,0.0,0.0,0.0,0.8,tanh,adam,0.0,4,he,"(-0.5, 0.5)",15,0.09783583695663646,0.6470588235294118
[4],0.16,0.0,0.0,0.05,0.75,tanh,adam,0.0,2,gaussian,"(-0.5, 0.5)",15,0.04784590653013514,0.8823529411764706
[4],0.16,0.0,0.0,0.0,0.7,tanh,adam,0.0,2,glorot,"(-0.5, 0.5)",15,8.007752312625554e-05,1.0
[4],0.16,0.0,0.0,0.0,0.8500000000000001,sigmoid,sgd,0.0,4,he,"(-0.5, 0.5)",15,0.003739724856890266,1.0
[4],0.16,0.0,0.0,0.0,0.8500000000000001,sigmoid,sgd,0.0,4,he,"(-0.1, 0.1)",15,0.00012112905922416999,1.0
[4],0.16,0.0,0.0,0.0,0.8500000000000001,sigmoid,sgd,0.0,4,glorot,"(-0.5, 0.5)",15,0.0008581488853370285,1.0
[4],0.16,0.0,0.0,0.0,0.8500000000000001,sigmoid,sgd,0.0,4,glorot,"(-0.1, 0.1)",15,0.0008581488853370285,1.0
[4],0.16,0.0,0.0,0.0,0.8500000000000001,sigmoid,sgd,0.0,2,he,"(-0.5, 0.5)",15,0.002217708791831558,1.0
[4],0.16,0.0,0.0,0.0,0.8500000000000001,sigmoid,sgd,0.0,2,he,"(-0.1, 0.1)",15,0.002217708791831558,1.0
[4],0.16,0.0,0.0,0.0,0.8500000000000001,sigmoid,sgd,0.0,2,glorot,"(-0.5, 0.5)",15,6.797233601367913e-05,1.0
[4],0.16,0.0,0.0,0.0,0.8500000000000001,sigmoid,sgd,0.0,2,glorot,"(-0.1, 0.1)",15,6.797233601367913e-05,1.0
[4],0.16,0.0,0.0,0.0,0.75,sigmoid,sgd,0.0,4,he,"(-0.5, 0.5)",15,0.0034315586708385734,1.0
[4],0.16,0.0,0.0,0.0,0.75,sigmoid,sgd,0.0,4,he,"(-0.1, 0.1)",15,0.0034315586708385734,1.0
[4],0.16,0.0,0.0,0.0,0.75,sigmoid,sgd,0.0,4,glorot,"(-0.5, 0.5)",15,0.00042177833414759874,1.0
[4],0.16,0.0,0.0,0.0,0.75,sigmoid,sgd,0.0,4,glorot,"(-0.1, 0.1)",15,0.00042177833414759874,1.0
[4],0.16,0.0,0.0,0.0,0.75,sigmoid,sgd,0.0,2,he,"(-0.5, 0.5)",15,0.0001001074300327486,1.0
[4],0.16,0.0,0.0,0.0,0.75,sigmoid,sgd,0.0,2,he,"(-0.1, 0.1)",15,0.0001001074300327486,1.0
[4],0.16,0.0,0.0,0.0,0.75,sigmoid,sgd,0.0,2,glorot,"(-0.5, 0.5)",15,0.0006044276443948819,1.0
[4],0.16,0.0,0.0,0.0,0.75,sigmoid,sgd,0.0,2,glorot,"(-0.1, 0.1)",15,0.0006044276443948819,1.0
[4],0.16,0.0,0.0,0.0,0.9000000000000001,sigmoid,sgd,0.0,4,he,"(-0.5, 0.5)",15,0.0024921321614012424,1.0
[4],0.16,0.0,0.0,0.0,0.9000000000000001,sigmoid,sgd,0.0,4,he,"(-0.1, 0.1)",15,0.0024921321614012424,1.0
[4],0.16,0.0,0.0,0.0,0.9000000000000001,sigmoid,sgd,0.0,4,glorot,"(-0.5, 0.5)",15,0.00038890334268315313,1.0
[4],0.16,0.0,0.0,0.0,0.9000000000000001,sigmoid,sgd,0.0,4,glorot,"(-0.1, 0.1)",15,0.00038890334268315313,1.0
[4],0.16,0.0,0.0,0.0,0.9000000000000001,sigmoid,sgd,0.0,2,he,"(-0.5, 0.5)",15,0.00019332299059373657,1.0
[4],0.16,0.0,0.0,0.0,0.9000000000000001,sigmoid,sgd,0.0,2,he,"(-0.1, 0.1)",15,0.00019332299059373657,1.0
[4],0.16,0.0,0.0,0.0,0.9000000000000001,sigmoid,sgd,0.0,2,glorot,"(-0.5, 0.5)",15,6.374933428408804e-05,1.0
[4],0.16,0.0,0.0,0.0,0.9000000000000001,sigmoid,sgd,0.0,2,glorot,"(-0.1, 0.1)",15,6.374933428408804e-05,1.0
[4],0.16,0.0,0.0,0.05,0.8500000000000001,sigmoid,sgd,0.0,4,he,"(-0.5, 0.5)",15,0.0031805502592990014,1.0
[4],0.16,0.0,0.0,0.05,0.8500000000000001,sigmoid,sgd,0.0,4,he,"(-0.1, 0.1)",15,0.0031805502592990014,1.0
[4],0.16,0.0,0.0,0.05,0.8500000000000001,sigmoid,sgd,0.0,4,glorot,"(-0.5, 0.5)",15,0.0030362645181890983,1.0
[4],0.16,0.0,0.0,0.05,0.8500000000000001,sigmoid,sgd,0.0,4,glorot,"(-0.1, 0.1)",15,0.0030362645181890983,1.0
[4],0.16,0.0,0.0,0.05,0.8500000000000001,sigmoid,sgd,0.0,2,he,"(-0.5, 0.5)",15,0.0026702815283713923,1.0
[4],0.16,0.0,0.0,0.05,0.8500000000000001,sigmoid,sgd,0.0,2,he,"(-0.1, 0.1)",15,0.0026702815283713923,1.0
[4],0.16,0.0,0.0,0.05,0.8500000000000001,sigmoid,sgd,0.0,2,glorot,"(-0.5, 0.5)",15,0.00018691380609705326,1.0
[4],0.16,0.0,0.0,0.05,0.8500000000000001,sigmoid,sgd,0.0,2,glorot,"(-0.1, 0.1)",15,0.00018691380609705326,1.0
[4],0.16,0.0,0.0,0.05,0.75,sigmoid,sgd,0.0,4,he,"(-0.5, 0.5)",15,0.00317617765072065,1.0
[4],0.16,0.0,0.0,0.05,0.75,sigmoid,sgd,0.0,4,he,"(-0.1, 0.1)",15,0.00317617765072065,1.0
[4],0.16,0.0,0.0,0.05,0.75,sigmoid,sgd,0.0,4,glorot,"(-0.5, 0.5)",15,0.0034395255517553802,1.0
[4],0.16,0.0,0.0,0.05,0.75,sigmoid,sgd,0.0,4,glorot,"(-0.1, 0.1)",15,0.0034395255517553802,1.0
[4],0.16,0.0,0.0,0.05,0.75,sigmoid,sgd,0.0,2,he,"(-0.5, 0.5)",15,0.0002797061196058902,1.0
[4],0.16,0.0,0.0,0.05,0.75,sigmoid,sgd,0.0,2,he,"(-0.1, 0.1)",15,0.0002797061196058902,1.0
[4],0.16,0.0,0.0,0.05,0.75,sigmoid,sgd,0.0,2,glorot,"(-0.5, 0.5)",15,0.005440667802699086,1.0
[4],0.16,0.0,0.0,0.05,0.75,sigmoid,sgd,0.0,2,glorot,"(-0.1, 0.1)",15,0.005440667802699086,1.0
[4],0.16,0.0,0.0,0.05,0.9000000000000001,sigmoid,sgd,0.0,4,he,"(-0.5, 0.5)",15,0.00016695250857269562,1.0
[4],0.16,0.0,0.0,0.05,0.9000000000000001,sigmoid,sgd,0.0,4,he,"(-0.1, 0.1)",15,0.00016695250857269562,1.0
[4],0.16,0.0,0.0,0.05,0.9000000000000001,sigmoid,sgd,0.0,4,glorot,"(-0.5, 0.5)",15,0.003754355961422831,1.0
[4],0.16,0.0,0.0,0.05,0.9000000000000001,sigmoid,sgd,0.0,4,glorot,"(-0.1, 0.1)",15,0.003754355961422831,1.0
[4],0.16,0.0,0.0,0.05,0.9000000000000001,sigmoid,sgd,0.0,2,he,"(-0.5, 0.5)",15,0.003818964398055052,1.0
[4],0.16,0.0,0.0,0.05,0.9000000000000001,sigmoid,sgd,0.0,2,he,"(-0.1, 0.1)",15,0.003818964398055052,1.0
[4],0.16,0.0,0.0,0.05,0.9000000000000001,sigmoid,sgd,0.0,2,glorot,"(-0.5, 0.5)",15,0.00018872143206153492,1.0
[4],0.16,0.0,0.0,0.05,0.9000000000000001,sigmoid,sgd,0.0,2,glorot,"(-0.1, 0.1)",15,0.00018872143206153492,1.0
[4],0.16,0.0,0.0,0.0,0.9000000000000001,sigmoid,sgd,0.0,8,glorot,"(-0.5, 0.5)",15,0.00032221625575442865,1.0
[4],0.16,0.0,0.0,0.0,0.7,sigmoid,sgd,0.0,4,glorot,"(-0.5, 0.5)",15,0.000404841446098868,1.0
[4],0.16,0.0,0.0,0.0,0.8500000000000001,sigmoid,sgd,0.0,8,he,"(-0.5, 0.5)",15,0.0038758282200220856,1.0
[4],0.16,0.0,0.0,0.0,0.8500000000000001,sigmoid,sgd,0.0,8,he,"(-0.1, 0.1)",15,0.0038758282200220856,1.0
[4],0.16,0.0,0.0,0.0,0.8500000000000001,sigmoid,sgd,0.0,8,glorot,"(-0.5, 0.5)",15,0.001766026113167077,1.0
[4],0.16,0.0,0.0,0.0,0.8500000000000001,sigmoid,sgd,0.0,8,glorot,"(-0.1, 0.1)",15,0.001766026113167077,1.0
[4],0.16,0.0,0.0,0.0,0.7,sigmoid,sgd,0.0,2,he,"(-0.5, 0.5)",15,0.00012049092564962322,1.0
[4],0.16,0.0,0.0,0.0,0.7,sigmoid,sgd,0.0,2,he,"(-0.1, 0.1)",15,0.00012049092564962322,1.0
[4],0.16,0.0,0.0,0.0,0.7,sigmoid,sgd,0.0,2,glorot,"(-0.5, 0.5)",15,0.0015649385662348677,1.0
[4],0.16,0.0,0.0,0.0,0.7,sigmoid,sgd,0.0,2,glorot,"(-0.1, 0.1)",15,0.0015649385662348677,1.0
[4],0.16,0.0,0.0,0.0,0.7,sigmoid,sgd,0.0,8,he,"(-0.5, 0.5)",15,0.006189416704693326,1.0
[4],0.16,0.0,0.0,0.0,0.7,sigmoid,sgd,0.0,8,he,"(-0.1, 0.1)",15,0.006189416704693326,1.0
[4],0.16,0.0,0.0,0.0,0.7,sigmoid,sgd,0.0,8,glorot,"(-0.5, 0.5)",15,0.018309320786720797,1.0
[4],0.16,0.0,0.0,0.0,0.7,sigmoid,sgd,0.0,8,glorot,"(-0.1, 0.1)",15,0.018309320786720797,1.0
[4],0.16,0.0,0.0,0.0,0.9000000000000001,sigmoid,sgd,0.0,8,he,"(-0.5, 0.5)",15,0.0033367375344332297,1.0
[4],0.16,0.0,0.0,0.0,0.9000000000000001,sigmoid,sgd,0.0,8,he,"(-0.1, 0.1)",15,0.0033367375344332297,1.0
[4],0.16,0.0,0.0,0.0,0.9000000000000001,sigmoid,sgd,0.0,8,glorot,"(-0.1, 0.1)",15,0.0006053389787517054,1.0
[4],0.16,0.0,0.0,0.05,0.8500000000000001,sigmoid,sgd,0.0,8,he,"(-0.5, 0.5)",15,0.0033703415887513556,1.0
[4],0.16,0.0,0.0,0.05,0.8500000000000001,sigmoid,sgd,0.0,8,he,"(-0.1, 0.1)",15,0.0033703415887513556,1.0
[4],0.16,0.0,0.0,0.05,0.8500000000000001,sigmoid,sgd,0.0,8,glorot,"(-0.5, 0.5)",15,0.0035920022437491133,1.0
[4],0.16,0.0,0.0,0.05,0.8500000000000001,sigmoid,sgd,0.0,8,glorot,"(-0.1, 0.1)",15,0.0035920022437491133,1.0
[4],0.16,0.0,0.0,0.05,0.7,sigmoid,sgd,0.0,2,he,"(-0.5, 0.5)",15,0.003659259250894058,1.0
[4],0.16,0.0,0.0,0.05,0.7,sigmoid,sgd,0.0,2,he,"(-0.1, 0.1)",15,0.003659259250894058,1.0
[4],0.16,0.0,0.0,0.05,0.7,sigmoid,sgd,0.0,2,glorot,"(-0.5, 0.5)",15,0.003375555296375522,1.0
[4],0.16,0.0,0.0,0.05,0.7,sigmoid,sgd,0.0,2,glorot,"(-0.1, 0.1)",15,0.003375555296375522,1.0
[4],0.16,0.0,0.0,0.05,0.7,sigmoid,sgd,0.0,8,he,"(-0.5, 0.5)",15,0.00651760386861901,1.0
[4],0.16,0.0,0.0,0.05,0.7,sigmoid,sgd,0.0,8,he,"(-0.1, 0.1)",15,0.00651760386861901,1.0
[4],0.16,0.0,0.0,0.05,0.7,sigmoid,sgd,0.0,8,glorot,"(-0.5, 0.5)",15,0.038699565701002435,0.8529411764705882
[4],0.16,0.0,0.0,0.05,0.7,sigmoid,sgd,0.0,8,glorot,"(-0.1, 0.1)",15,0.038699565701002435,0.8529411764705882
[4],0.16,0.0,0.0,0.05,0.9000000000000001,sigmoid,sgd,0.0,8,he,"(-0.5, 0.5)",15,0.003130478220961598,1.0
[4],0.16,0.0,0.0,0.05,0.9000000000000001,sigmoid,sgd,0.0,8,he,"(-0.1, 0.1)",15,0.003130478220961598,1.0
[4],0.16,0.0,0.0,0.05,0.9000000000000001,sigmoid,sgd,0.0,8,glorot,"(-0.5, 0.5)",15,0.0028458845656851063,1.0
[4],0.16,0.0,0.0,0.05,0.9000000000000001,sigmoid,sgd,0.0,8,glorot,"(-0.1, 0.1)",15,0.0028458845656851063,1.0
[4],0.16,0.0,0.0,0.15000000000000002,0.8500000000000001,sigmoid,sgd,0.0,2,he,"(-0.5, 0.5)",15,0.009221684668622275,1.0
[4],0.16,0.0,0.0,0.15000000000000002,0.8500000000000001,sigmoid,sgd,0.0,2,he,"(-0.1, 0.1)",15,0.009221684668622275,1.0
[4],0.16,0.0,0.0,0.15000000000000002,0.8500000000000001,sigmoid,sgd,0.0,2,glorot,"(-0.5, 0.5)",15,0.000531833218656402,1.0
[4],0.16,0.0,0.0,0.15000000000000002,0.8500000000000001,sigmoid,sgd,0.0,2,glorot,"(-0.1, 0.1)",15,0.000531833218656402,1.0
[4],0.16,0.0,0.0,0.15000000000000002,0.8500000000000001,sigmoid,sgd,0.0,8,he,"(-0.5, 0.5)",15,0.0076358289363687845,1.0
[4],0.16,0.0,0.0,0.15000000000000002,0.8500000000000001,sigmoid,sgd,0.0,8,he,"(-0.1, 0.1)",15,0.0076358289363687845,1.0
[4],0.16,0.0,0.0,0.15000000000000002,0.8500000000000001,sigmoid,sgd,0.0,8,glorot,"(-0.5, 0.5)",15,0.006338327914964938,1.0
[4],0.16,0.0,0.0,0.15000000000000002,0.8500000000000001,sigmoid,sgd,0.0,8,glorot,"(-0.1, 0.1)",15,0.006338327914964938,1.0
[4],0.16,0.0,0.0,0.15000000000000002,0.7,sigmoid,sgd,0.0,2,he,"(-0.5, 0.5)",15,0.006739753505092795,1.0
[4],0.16,0.0,0.0,0.15000000000000002,0.7,sigmoid,sgd,0.0,2,he,"(-0.1, 0.1)",15,0.006739753505092795,1.0
[4],0.16,0.0,0.0,0.15000000000000002,0.7,sigmoid,sgd,0.0,2,glorot,"(-0.5, 0.5)",15,0.0022176653760504136,1.0
[4],0.16,0.0,0.0,0.15000000000000002,0.7,sigmoid,sgd,0.0,2,glorot,"(-0.1, 0.1)",15,0.0022176653760504136,1.0
[4],0.16,0.0,0.0,0.15000000000000002,0.7,sigmoid,sgd,0.0,8,he,"(-0.5, 0.5)",15,0.034541637697564305,0.9117647058823529
[4],0.16,0.0,0.0,0.15000000000000002,0.7,sigmoid,sgd,0.0,8,he,"(-0.1, 0.1)",15,0.034541637697564305,0.9117647058823529
[4],0.16,0.0,0.0,0.15000000000000002,0.7,sigmoid,sgd,0.0,8,glorot,"(-0.5, 0.5)",15,0.041266741487018775,0.8823529411764706
[4],0.16,0.0,0.0,0.15000000000000002,0.7,sigmoid,sgd,0.0,8,glorot,"(-0.1, 0.1)",15,0.041266741487018775,0.8823529411764706
[4],0.16,0.0,0.0,0.15000000000000002,0.9000000000000001,sigmoid,sgd,0.0,2,he,"(-0.5, 0.5)",15,0.04133864902313287,0.8235294117647058
[4],0.16,0.0,0.0,0.15000000000000002,0.9000000000000001,sigmoid,sgd,0.0,2,he,"(-0.1, 0.1)",15,0.04133864902313287,0.8235294117647058
[4],0.16,0.0,0.0,0.15000000000000002,0.9000000000000001,sigmoid,sgd,0.0,2,glorot,"(-0.5, 0.5)",15,0.0028464600249209194,1.0
[4],0.16,0.0,0.0,0.15000000000000002,0.9000000000000001,sigmoid,sgd,0.0,2,glorot,"(-0.1, 0.1)",15,0.0028464600249209194,1.0
[4],0.16,0.0,0.0,0.15000000000000002,0.9000000000000001,sigmoid,sgd,0.0,8,he,"(-0.5, 0.5)",15,0.0061233390162034815,1.0
[4],0.16,0.0,0.0,0.15000000000000002,0.9000000000000001,sigmoid,sgd,0.0,8,he,"(-0.1, 0.1)",15,0.0061233390162034815,1.0
[4],0.16,0.0,0.0,0.15000000000000002,0.9000000000000001,sigmoid,sgd,0.0,8,glorot,"(-0.5, 0.5)",15,0.00585504921217221,1.0
[4],0.16,0.0,0.0,0.15000000000000002,0.9000000000000001,sigmoid,sgd,0.0,8,glorot,"(-0.1, 0.1)",15,0.00585504921217221,1.0
[4],0.16,0.0,0.0,0.0,0.7,sigmoid,sgd,0.0,4,glorot,"(-0.1, 0.1)",15,0.0009465118548179721,1.0
[4],0.16,0.0,0.0,0.0,0.7,sigmoid,sgd,0.0,4,he,"(-0.5, 0.5)",15,0.003863636441550645,1.0
[4],0.16,0.0,0.0,0.0,0.7,sigmoid,sgd,0.0,4,he,"(-0.1, 0.1)",15,0.003863636441550645,1.0
[4],0.16,0.0,0.0,0.0,0.8,sigmoid,sgd,0.0,2,glorot,"(-0.5, 0.5)",15,0.00014290691267703973,1.0
[4],0.16,0.0,0.0,0.0,0.8,sigmoid,sgd,0.0,2,glorot,"(-0.1, 0.1)",15,0.00014290691267703973,1.0
[4],0.16,0.0,0.0,0.0,0.8,sigmoid,sgd,0.0,2,he,"(-0.5, 0.5)",15,0.002235541610741503,1.0
[4],0.16,0.0,0.0,0.0,0.8,sigmoid,sgd,0.0,2,he,"(-0.1, 0.1)",15,0.002235541610741503,1.0
[4],0.16,0.0,0.0,0.0,0.8,sigmoid,sgd,0.0,4,glorot,"(-0.5, 0.5)",15,0.002143714429255704,1.0
[4],0.16,0.0,0.0,0.0,0.8,sigmoid,sgd,0.0,4,glorot,"(-0.1, 0.1)",15,0.002143714429255704,1.0
[4],0.16,0.0,0.0,0.0,0.8,sigmoid,sgd,0.0,4,he,"(-0.5, 0.5)",15,0.00016647379493632555,1.0
[4],0.16,0.0,0.0,0.0,0.8,sigmoid,sgd,0.0,4,he,"(-0.1, 0.1)",15,0.00016647379493632555,1.0
[4],0.16,0.0,0.0,0.1,0.7,sigmoid,sgd,0.0,2,glorot,"(-0.5, 0.5)",15,0.0026657641712017175,1.0
[4],0.16,0.0,0.0,0.1,0.7,sigmoid,sgd,0.0,2,glorot,"(-0.1, 0.1)",15,0.0026657641712017175,1.0
[4],0.16,0.0,0.0,0.1,0.7,sigmoid,sgd,0.0,2,he,"(-0.5, 0.5)",15,0.008938712101830861,1.0
[4],0.16,0.0,0.0,0.1,0.7,sigmoid,sgd,0.0,2,he,"(-0.1, 0.1)",15,0.008938712101830861,1.0
[4],0.16,0.0,0.0,0.1,0.7,sigmoid,sgd,0.0,4,glorot,"(-0.5, 0.5)",15,0.0006087069550659494,1.0
[4],0.16,0.0,0.0,0.1,0.7,sigmoid,sgd,0.0,4,glorot,"(-0.1, 0.1)",15,0.0006087069550659494,1.0
[4],0.16,0.0,0.0,0.1,0.7,sigmoid,sgd,0.0,4,he,"(-0.5, 0.5)",15,0.005887670546806113,1.0
[4],0.16,0.0,0.0,0.1,0.7,sigmoid,sgd,0.0,4,he,"(-0.1, 0.1)",15,0.005887670546806113,1.0
[4],0.16,0.0,0.0,0.1,0.9000000000000001,sigmoid,sgd,0.0,2,glorot,"(-0.5, 0.5)",15,0.0024939546459087883,1.0
[4],0.16,0.0,0.0,0.1,0.9000000000000001,sigmoid,sgd,0.0,2,glorot,"(-0.1, 0.1)",15,0.0024939546459087883,1.0
[4],0.16,0.0,0.0,0.1,0.9000000000000001,sigmoid,sgd,0.0,2,he,"(-0.5, 0.5)",15,0.002335573953175062,1.0
[4],0.16,0.0,0.0,0.1,0.9000000000000001,sigmoid,sgd,0.0,2,he,"(-0.1, 0.1)",15,0.002335573953175062,1.0
[4],0.16,0.0,0.0,0.1,0.9000000000000001,sigmoid,sgd,0.0,4,glorot,"(-0.5, 0.5)",15,0.004378483410509361,1.0
[4],0.16,0.0,0.0,0.1,0.9000000000000001,sigmoid,sgd,0.0,4,glorot,"(-0.1, 0.1)",15,0.004378483410509361,1.0
[4],0.16,0.0,0.0,0.1,0.9000000000000001,sigmoid,sgd,0.0,4,he,"(-0.5, 0.5)",15,0.004543002820445053,1.0
[4],0.16,0.0,0.0,0.1,0.9000000000000001,sigmoid,sgd,0.0,4,he,"(-0.1, 0.1)",15,0.004543002820445053,1.0
[4],0.16,0.0,0.0,0.1,0.75,sigmoid,sgd,0.0,2,glorot,"(-0.5, 0.5)",15,0.002777654863719248,1.0
[4],0.16,0.0,0.0,0.1,0.75,sigmoid,sgd,0.0,2,glorot,"(-0.1, 0.1)",15,0.002777654863719248,1.0
[4],0.16,0.0,0.0,0.1,0.75,sigmoid,sgd,0.0,2,he,"(-0.5, 0.5)",15,0.0005007398148572564,1.0
[4],0.16,0.0,0.0,0.1,0.75,sigmoid,sgd,0.0,2,he,"(-0.1, 0.1)",15,0.0005007398148572564,1.0
[4],0.16,0.0,0.0,0.1,0.75,sigmoid,sgd,0.0,4,glorot,"(-0.5, 0.5)",15,0.0004488608406963414,1.0
[4],0.16,0.0,0.0,0.1,0.75,sigmoid,sgd,0.0,4,glorot,"(-0.1, 0.1)",15,0.0004488608406963414,1.0
[4],0.16,0.0,0.0,0.1,0.75,sigmoid,sgd,0.0,4,he,"(-0.5, 0.5)",15,0.005048957544930536,1.0
[4],0.16,0.0,0.0,0.1,0.75,sigmoid,sgd,0.0,4,he,"(-0.1, 0.1)",15,0.005048957544930536,1.0
[4],0.16,0.0,0.0,0.1,0.8500000000000001,sigmoid,sgd,0.0,2,glorot,"(-0.5, 0.5)",15,0.0071611415950656255,0.9705882352941176
[4],0.16,0.0,0.0,0.1,0.8500000000000001,sigmoid,sgd,0.0,2,glorot,"(-0.1, 0.1)",15,0.0071611415950656255,0.9705882352941176
[4],0.16,0.0,0.0,0.1,0.8500000000000001,sigmoid,sgd,0.0,2,he,"(-0.5, 0.5)",15,0.0026863733683316236,1.0
[4],0.16,0.0,0.0,0.1,0.8500000000000001,sigmoid,sgd,0.0,2,he,"(-0.1, 0.1)",15,0.0026863733683316236,1.0
[4],0.16,0.0,0.0,0.1,0.8500000000000001,sigmoid,sgd,0.0,4,glorot,"(-0.5, 0.5)",15,0.003228167977435391,1.0
[4],0.16,0.0,0.0,0.1,0.8500000000000001,sigmoid,sgd,0.0,4,glorot,"(-0.1, 0.1)",15,0.003228167977435391,1.0
[4],0.16,0.0,0.0,0.1,0.8500000000000001,sigmoid,sgd,0.0,4,he,"(-0.5, 0.5)",15,0.0005100740889648462,1.0
[4],0.16,0.0,0.0,0.1,0.8500000000000001,sigmoid,sgd,0.0,4,he,"(-0.1, 0.1)",15,0.0005100740889648462,1.0
[4],0.16,0.0,0.0,0.1,0.8,sigmoid,sgd,0.0,2,glorot,"(-0.5, 0.5)",15,0.003447650862231015,1.0
[4],0.16,0.0,0.0,0.1,0.8,sigmoid,sgd,0.0,2,glorot,"(-0.1, 0.1)",15,0.003447650862231015,1.0
[4],0.16,0.0,0.0,0.1,0.8,sigmoid,sgd,0.0,2,he,"(-0.5, 0.5)",15,0.002813241100344507,1.0
[4],0.16,0.0,0.0,0.1,0.8,sigmoid,sgd,0.0,2,he,"(-0.1, 0.1)",15,0.002813241100344507,1.0
[4],0.16,0.0,0.0,0.1,0.8,sigmoid,sgd,0.0,4,glorot,"(-0.5, 0.5)",15,0.0013639364702544405,1.0
[4],0.16,0.0,0.0,0.1,0.8,sigmoid,sgd,0.0,4,glorot,"(-0.1, 0.1)",15,0.0013639364702544405,1.0
[4],0.16,0.0,0.0,0.1,0.8,sigmoid,sgd,0.0,4,he,"(-0.5, 0.5)",15,0.005551781343153803,1.0
[4],0.16,0.0,0.0,0.1,0.8,sigmoid,sgd,0.0,4,he,"(-0.1, 0.1)",15,0.005551781343153803,1.0
[4],0.16,0.0,0.0,0.05,0.7,sigmoid,sgd,0.0,4,glorot,"(-0.5, 0.5)",15,0.0024786892441403443,1.0
[4],0.16,0.0,0.0,0.05,0.7,sigmoid,sgd,0.0,4,glorot,"(-0.1, 0.1)",15,0.0024786892441403443,1.0
[4],0.16,0.0,0.0,0.05,0.7,sigmoid,sgd,0.0,4,he,"(-0.5, 0.5)",15,0.0035435375040844775,1.0
[4],0.16,0.0,0.0,0.05,0.7,sigmoid,sgd,0.0,4,he,"(-0.1, 0.1)",15,0.0035435375040844775,1.0
[4],0.16,0.0,0.0,0.05,0.8,sigmoid,sgd,0.0,2,glorot,"(-0.5, 0.5)",15,0.0016119585219189405,1.0
[4],0.16,0.0,0.0,0.05,0.8,sigmoid,sgd,0.0,2,glorot,"(-0.1, 0.1)",15,0.0016119585219189405,1.0
[4],0.16,0.0,0.0,0.05,0.8,sigmoid,sgd,0.0,2,he,"(-0.5, 0.5)",15,0.0017615669136815217,1.0
[4],0.16,0.0,0.0,0.05,0.8,sigmoid,sgd,0.0,2,he,"(-0.1, 0.1)",15,0.0017615669136815217,1.0
[4],0.16,0.0,0.0,0.05,0.8,sigmoid,sgd,0.0,4,glorot,"(-0.5, 0.5)",15,0.002138372352015456,1.0
[4],0.16,0.0,0.0,0.05,0.8,sigmoid,sgd,0.0,4,glorot,"(-0.1, 0.1)",15,0.002138372352015456,1.0
[4],0.16,0.0,0.0,0.05,0.8,sigmoid,sgd,0.0,4,he,"(-0.5, 0.5)",15,0.002304953284992491,1.0
[4],0.16,0.0,0.0,0.05,0.8,sigmoid,sgd,0.0,4,he,"(-0.1, 0.1)",15,0.002304953284992491,1.0
[4],0.16,0.0,0.0,0.0,0.7,sigmoid,sgd,0.0,2,gaussian,"(-0.5, 0.5)",15,0.0069424469065244515,1.0
[4],0.16,0.0,0.0,0.0,0.7,sigmoid,sgd,0.0,4,gaussian,"(-0.5, 0.5)",15,0.004719362727024274,1.0
[4],0.16,0.0,0.0,0.0,0.7,sigmoid,sgd,0.0,4,gaussian,"(-0.1, 0.1)",15,0.0009367994984990485,1.0
[4],0.16,0.0,0.0,0.0,0.8500000000000001,sigmoid,sgd,0.0,2,gaussian,"(-0.5, 0.5)",15,0.0005089405079960717,1.0
[4],0.16,0.0,0.0,0.0,0.8500000000000001,sigmoid,sgd,0.0,2,gaussian,"(-0.1, 0.1)",15,0.00011813183614901585,1.0
[4],0.16,0.0,0.0,0.0,0.8500000000000001,sigmoid,sgd,0.0,4,gaussian,"(-0.5, 0.5)",15,0.0031558348678202134,1.0
[4],0.16,0.0,0.0,0.0,0.8500000000000001,sigmoid,sgd,0.0,4,gaussian,"(-0.1, 0.1)",15,0.00030208490969725155,1.0
[4],0.16,0.0,0.0,0.0,0.8,sigmoid,sgd,0.0,2,gaussian,"(-0.5, 0.5)",15,0.0030200837555953083,1.0
[4],0.16,0.0,0.0,0.0,0.8,sigmoid,sgd,0.0,4,gaussian,"(-0.5, 0.5)",15,0.003662738133601658,1.0
[4],0.16,0.0,0.0,0.0,0.8,sigmoid,sgd,0.0,4,gaussian,"(-0.1, 0.1)",15,0.00041007770483279696,1.0
[4],0.16,0.0,0.0,0.0,0.75,sigmoid,sgd,0.0,2,gaussian,"(-0.5, 0.5)",15,0.0051779112304787996,1.0
[4],0.16,0.0,0.0,0.0,0.75,sigmoid,sgd,0.0,4,gaussian,"(-0.5, 0.5)",15,0.00417675786556631,1.0
[4],0.16,0.0,0.0,0.0,0.75,sigmoid,sgd,0.0,4,gaussian,"(-0.1, 0.1)",15,0.0006020670740919001,1.0
[4],0.16,0.0,0.0,0.25,0.7,sigmoid,sgd,0.0,2,glorot,"(-0.5, 0.5)",15,0.003797924570581367,1.0
[4],0.16,0.0,0.0,0.25,0.7,sigmoid,sgd,0.0,2,glorot,"(-0.1, 0.1)",15,0.003797924570581367,1.0
[4],0.16,0.0,0.0,0.25,0.7,sigmoid,sgd,0.0,2,gaussian,"(-0.5, 0.5)",15,0.008207428640388158,1.0
[4],0.16,0.0,0.0,0.25,0.7,sigmoid,sgd,0.0,2,gaussian,"(-0.1, 0.1)",15,0.007236937906356532,1.0
[4],0.16,0.0,0.0,0.25,0.7,sigmoid,sgd,0.0,2,he,"(-0.5, 0.5)",15,0.01094904947659779,1.0
[4],0.16,0.0,0.0,0.25,0.7,sigmoid,sgd,0.0,2,he,"(-0.1, 0.1)",15,0.01094904947659779,1.0
[4],0.16,0.0,0.0,0.25,0.7,sigmoid,sgd,0.0,4,glorot,"(-0.5, 0.5)",15,0.008267650310286864,1.0
[4],0.16,0.0,0.0,0.25,0.7,sigmoid,sgd,0.0,4,glorot,"(-0.1, 0.1)",15,0.008267650310286864,1.0
[4],0.16,0.0,0.0,0.25,0.7,sigmoid,sgd,0.0,4,gaussian,"(-0.5, 0.5)",15,0.021557012897270772,1.0
[4],0.16,0.0,0.0,0.25,0.7,sigmoid,sgd,0.0,4,gaussian,"(-0.1, 0.1)",15,0.012466105725216644,1.0
[4],0.16,0.0,0.0,0.25,0.7,sigmoid,sgd,0.0,4,he,"(-0.5, 0.5)",15,0.021668588290129322,0.9705882352941176
[4],0.16,0.0,0.0,0.25,0.7,sigmoid,sgd,0.0,4,he,"(-0.1, 0.1)",15,0.021668588290129322,0.9705882352941176
[4],0.16,0.0,0.0,0.25,0.8500000000000001,sigmoid,sgd,0.0,2,glorot,"(-0.5, 0.5)",15,0.0026770072599952067,1.0
[4],0.16,0.0,0.0,0.25,0.8500000000000001,sigmoid,sgd,0.0,2,glorot,"(-0.1, 0.1)",15,0.0026770072599952067,1.0
[4],0.16,0.0,0.0,0.25,0.8500000000000001,sigmoid,sgd,0.0,2,gaussian,"(-0.5, 0.5)",15,0.007393908391839562,1.0
[4],0.16,0.0,0.0,0.25,0.8500000000000001,sigmoid,sgd,0.0,2,gaussian,"(-0.1, 0.1)",15,0.0036439282120440774,1.0
[4],0.16,0.0,0.0,0.25,0.8500000000000001,sigmoid,sgd,0.0,2,he,"(-0.5, 0.5)",15,0.0013108193394876988,1.0
[4],0.16,0.0,0.0,0.25,0.8500000000000001,sigmoid,sgd,0.0,2,he,"(-0.1, 0.1)",15,0.0013108193394876988,1.0
[4],0.16,0.0,0.0,0.25,0.8500000000000001,sigmoid,sgd,0.0,4,glorot,"(-0.5, 0.5)",15,0.004231758277693693,1.0
[4],0.16,0.0,0.0,0.25,0.8500000000000001,sigmoid,sgd,0.0,4,glorot,"(-0.1, 0.1)",15,0.004231758277693693,1.0
[4],0.16,0.0,0.0,0.25,0.8500000000000001,sigmoid,sgd,0.0,4,gaussian,"(-0.5, 0.5)",15,0.00842683738539907,1.0
[4],0.16,0.0,0.0,0.25,0.8500000000000001,sigmoid,sgd,0.0,4,gaussian,"(-0.1, 0.1)",15,0.00776961266639161,1.0
[4],0.16,0.0,0.0,0.25,0.8500000000000001,sigmoid,sgd,0.0,4,he,"(-0.5, 0.5)",15,0.013920463842351287,1.0
[4],0.16,0.0,0.0,0.25,0.8500000000000001,sigmoid,sgd,0.0,4,he,"(-0.1, 0.1)",15,0.013920463842351287,1.0
[4],0.16,0.0,0.0,0.25,0.8,sigmoid,sgd,0.0,2,glorot,"(-0.5, 0.5)",15,0.0029240395153522676,1.0
[4],0.16,0.0,0.0,0.25,0.8,sigmoid,sgd,0.0,2,glorot,"(-0.1, 0.1)",15,0.0029240395153522676,1.0
[4],0.16,0.0,0.0,0.25,0.8,sigmoid,sgd,0.0,2,gaussian,"(-0.5, 0.5)",15,0.007593119590200529,1.0
[4],0.16,0.0,0.0,0.25,0.8,sigmoid,sgd,0.0,2,gaussian,"(-0.1, 0.1)",15,0.004742739658861877,1.0
[4],0.16,0.0,0.0,0.25,0.8,sigmoid,sgd,0.0,2,he,"(-0.5, 0.5)",15,0.0014402717079306042,1.0
[4],0.16,0.0,0.0,0.25,0.8,sigmoid,sgd,0.0,2,he,"(-0.1, 0.1)",15,0.0014402717079306042,1.0
[4],0.16,0.0,0.0,0.25,0.8,sigmoid,sgd,0.0,4,glorot,"(-0.5, 0.5)",15,0.006217528640585072,1.0
[4],0.16,0.0,0.0,0.25,0.8,sigmoid,sgd,0.0,4,glorot,"(-0.1, 0.1)",15,0.006217528640585072,1.0
[4],0.16,0.0,0.0,0.25,0.8,sigmoid,sgd,0.0,4,gaussian,"(-0.5, 0.5)",15,0.012317337644971348,1.0
[4],0.16,0.0,0.0,0.25,0.8,sigmoid,sgd,0.0,4,gaussian,"(-0.1, 0.1)",15,0.012206849842342035,1.0
[4],0.16,0.0,0.0,0.25,0.8,sigmoid,sgd,0.0,4,he,"(-0.5, 0.5)",15,0.015191896030090106,1.0
[4],0.16,0.0,0.0,0.25,0.8,sigmoid,sgd,0.0,4,he,"(-0.1, 0.1)",15,0.015191896030090106,1.0
[4],0.16,0.0,0.0,0.25,0.75,sigmoid,sgd,0.0,2,glorot,"(-0.5, 0.5)",15,0.0031101881816838965,1.0
[4],0.16,0.0,0.0,0.25,0.75,sigmoid,sgd,0.0,2,glorot,"(-0.1, 0.1)",15,0.0031101881816838965,1.0
[4],0.16,0.0,0.0,0.25,0.75,sigmoid,sgd,0.0,2,gaussian,"(-0.5, 0.5)",15,0.007863453988730968,1.0
[4],0.16,0.0,0.0,0.25,0.75,sigmoid,sgd,0.0,2,gaussian,"(-0.1, 0.1)",15,0.006834477884011777,1.0
[4],0.16,0.0,0.0,0.25,0.75,sigmoid,sgd,0.0,2,he,"(-0.5, 0.5)",15,0.0017137584633038897,1.0
[4],0.16,0.0,0.0,0.25,0.75,sigmoid,sgd,0.0,2,he,"(-0.1, 0.1)",15,0.0017137584633038897,1.0
[4],0.16,0.0,0.0,0.25,0.75,sigmoid,sgd,0.0,4,glorot,"(-0.5, 0.5)",15,0.0077978373721642735,1.0
[4],0.16,0.0,0.0,0.25,0.75,sigmoid,sgd,0.0,4,glorot,"(-0.1, 0.1)",15,0.0077978373721642735,1.0
[4],0.16,0.0,0.0,0.25,0.75,sigmoid,sgd,0.0,4,gaussian,"(-0.5, 0.5)",15,0.019579478944480134,1.0
[4],0.16,0.0,0.0,0.25,0.75,sigmoid,sgd,0.0,4,gaussian,"(-0.1, 0.1)",15,0.007912759540837878,1.0
[4],0.16,0.0,0.0,0.25,0.75,sigmoid,sgd,0.0,4,he,"(-0.5, 0.5)",15,0.019722551546757037,0.9411764705882353
[4],0.16,0.0,0.0,0.25,0.75,sigmoid,sgd,0.0,4,he,"(-0.1, 0.1)",15,0.019722551546757037,0.9411764705882353
